timestamp,open,high,low,close,volume,oi
2025-11-13 09:15:00+05:30,25906.1,25906.8,25834.2,25844.35,0,0
2025-11-13 09:16:00+05:30,25842.85,25846.2,25834.6,25846.2,0,0
2025-11-13 09:17:00+05:30,25847.1,25857.9,25845.55,25854.75,0,0
2025-11-13 09:18:00+05:30,25854.7,25856.15,25842.35,25842.85,0,0
2025-11-13 09:19:00+05:30,25841.7,25847.85,25837.8,25843.95,0,0
2025-11-13 09:20:00+05:30,25842.75,25843.3,25826.35,25826.9,0,0
2025-11-13 09:21:00+05:30,25827.4,25830.8,25820.45,25822.05,0,0
2025-11-13 09:22:00+05:30,25821.9,25821.9,25808.4,25814.35,0,0
2025-11-13 09:23:00+05:30,25812.95,25833.15,25812.7,25831.0,0,0
2025-11-13 09:24:00+05:30,25830.45,25846.45,25830.35,25846.45,0,0
2025-11-13 09:25:00+05:30,25847.35,25865.25,25846.4,25865.25,0,0
2025-11-13 09:26:00+05:30,25864.95,25874.5,25864.45,25873.45,0,0
2025-11-13 09:27:00+05:30,25873.25,25877.2,25869.15,25875.15,0,0
2025-11-13 09:28:00+05:30,25874.7,25886.2,25873.55,25885.15,0,0
2025-11-13 09:29:00+05:30,25885.45,25887.75,25874.6,25875.55,0,0
2025-11-13 09:30:00+05:30,25875.8,25877.75,25871.4,25874.35,0,0
2025-11-13 09:31:00+05:30,25874.95,25876.5,25865.5,25875.65,0,0
2025-11-13 09:32:00+05:30,25875.15,25876.6,25870.85,25870.85,0,0
2025-11-13 09:33:00+05:30,25871.2,25874.55,25869.1,25869.1,0,0
2025-11-13 09:34:00+05:30,25869.0,25869.0,25847.4,25849.15,0,0
2025-11-13 09:35:00+05:30,25848.25,25857.7,25842.35,25842.35,0,0
2025-11-13 09:36:00+05:30,25840.5,25842.4,25831.9,25832.45,0,0
2025-11-13 09:37:00+05:30,25831.9,25840.3,25831.9,25837.7,0,0
2025-11-13 09:38:00+05:30,25837.8,25842.55,25837.0,25837.95,0,0
2025-11-13 09:39:00+05:30,25838.95,25840.75,25835.95,25840.2,0,0
2025-11-13 09:40:00+05:30,25841.15,25847.8,25840.1,25843.95,0,0
2025-11-13 09:41:00+05:30,25844.15,25847.95,25840.35,25841.45,0,0
2025-11-13 09:42:00+05:30,25841.0,25844.7,25837.3,25844.25,0,0
2025-11-13 09:43:00+05:30,25844.85,25849.8,25841.85,25843.65,0,0
2025-11-13 09:44:00+05:30,25843.3,25858.4,25842.3,25857.0,0,0
2025-11-13 09:45:00+05:30,25856.3,25870.4,25855.55,25870.4,0,0
2025-11-13 09:46:00+05:30,25871.0,25874.95,25870.0,25873.45,0,0
2025-11-13 09:47:00+05:30,25873.55,25877.55,25873.5,25875.65,0,0
2025-11-13 09:48:00+05:30,25875.85,25882.95,25875.7,25878.2,0,0
2025-11-13 09:49:00+05:30,25878.25,25880.65,25874.2,25879.85,0,0
2025-11-13 09:50:00+05:30,25880.45,25887.55,25879.3,25886.8,0,0
2025-11-13 09:51:00+05:30,25887.0,25888.4,25880.65,25884.3,0,0
2025-11-13 09:52:00+05:30,25884.35,25884.35,25880.75,25883.35,0,0
2025-11-13 09:53:00+05:30,25883.1,25883.1,25872.55,25873.05,0,0
2025-11-13 09:54:00+05:30,25873.0,25873.25,25864.8,25864.95,0,0
2025-11-13 09:55:00+05:30,25865.25,25865.25,25858.8,25862.1,0,0
2025-11-13 09:56:00+05:30,25862.15,25871.4,25861.85,25870.75,0,0
2025-11-13 09:57:00+05:30,25871.05,25876.1,25871.05,25875.45,0,0
2025-11-13 09:58:00+05:30,25875.45,25876.45,25870.5,25870.7,0,0
2025-11-13 09:59:00+05:30,25870.3,25880.0,25870.3,25877.65,0,0
2025-11-13 10:00:00+05:30,25876.9,25880.7,25873.6,25874.4,0,0
2025-11-13 10:01:00+05:30,25874.6,25883.95,25873.05,25883.4,0,0
2025-11-13 10:02:00+05:30,25883.0,25886.8,25880.65,25882.75,0,0
2025-11-13 10:03:00+05:30,25882.75,25884.8,25880.4,25883.7,0,0
2025-11-13 10:04:00+05:30,25883.7,25884.4,25875.5,25876.35,0,0
2025-11-13 10:05:00+05:30,25876.85,25880.1,25873.9,25876.0,0,0
2025-11-13 10:06:00+05:30,25876.1,25880.9,25874.9,25879.7,0,0
2025-11-13 10:07:00+05:30,25879.35,25892.3,25877.05,25892.2,0,0
2025-11-13 10:08:00+05:30,25892.25,25897.05,25892.05,25894.35,0,0
2025-11-13 10:09:00+05:30,25894.3,25898.2,25892.9,25894.9,0,0
2025-11-13 10:10:00+05:30,25896.2,25900.25,25892.2,25899.4,0,0
2025-11-13 10:11:00+05:30,25899.25,25899.25,25892.55,25895.5,0,0
2025-11-13 10:12:00+05:30,25895.55,25895.95,25891.45,25894.1,0,0
2025-11-13 10:13:00+05:30,25895.45,25896.15,25892.75,25892.9,0,0
2025-11-13 10:14:00+05:30,25893.15,25898.95,25893.15,25898.5,0,0
2025-11-13 10:15:00+05:30,25898.55,25907.25,25898.55,25903.95,0,0
2025-11-13 10:16:00+05:30,25905.1,25906.4,25897.9,25898.1,0,0
2025-11-13 10:17:00+05:30,25898.85,25902.25,25896.8,25900.8,0,0
2025-11-13 10:18:00+05:30,25901.15,25903.1,25896.95,25900.6,0,0
2025-11-13 10:19:00+05:30,25900.5,25903.55,25899.05,25902.4,0,0
2025-11-13 10:20:00+05:30,25903.2,25907.45,25892.95,25892.95,0,0
2025-11-13 10:21:00+05:30,25892.6,25901.25,25892.45,25901.25,0,0
2025-11-13 10:22:00+05:30,25900.25,25901.75,25898.25,25900.7,0,0
2025-11-13 10:23:00+05:30,25900.1,25906.55,25899.05,25906.55,0,0
2025-11-13 10:24:00+05:30,25906.2,25915.3,25905.6,25913.2,0,0
2025-11-13 10:25:00+05:30,25912.15,25912.5,25907.6,25910.1,0,0
2025-11-13 10:26:00+05:30,25910.15,25911.95,25908.3,25910.3,0,0
2025-11-13 10:27:00+05:30,25909.55,25910.6,25905.45,25907.85,0,0
2025-11-13 10:28:00+05:30,25907.1,25910.3,25905.1,25910.05,0,0
2025-11-13 10:29:00+05:30,25908.3,25912.6,25908.0,25912.45,0,0
2025-11-13 10:30:00+05:30,25911.7,25916.3,25911.5,25916.15,0,0
2025-11-13 10:31:00+05:30,25915.8,25916.9,25913.8,25915.35,0,0
2025-11-13 10:32:00+05:30,25915.45,25923.65,25915.0,25922.4,0,0
2025-11-13 10:33:00+05:30,25920.5,25924.1,25918.55,25922.15,0,0
2025-11-13 10:34:00+05:30,25921.75,25926.4,25921.5,25925.1,0,0
2025-11-13 10:35:00+05:30,25925.4,25926.1,25922.45,25923.4,0,0
2025-11-13 10:36:00+05:30,25923.25,25924.5,25920.85,25921.45,0,0
2025-11-13 10:37:00+05:30,25921.9,25925.5,25920.25,25921.6,0,0
2025-11-13 10:38:00+05:30,25922.45,25924.4,25921.15,25923.35,0,0
2025-11-13 10:39:00+05:30,25923.15,25928.9,25921.35,25924.2,0,0
2025-11-13 10:40:00+05:30,25924.05,25927.9,25923.45,25927.9,0,0
2025-11-13 10:41:00+05:30,25927.15,25929.1,25924.05,25927.95,0,0
2025-11-13 10:42:00+05:30,25928.2,25930.0,25926.1,25928.15,0,0
2025-11-13 10:43:00+05:30,25928.2,25928.85,25925.3,25925.9,0,0
2025-11-13 10:44:00+05:30,25926.4,25929.1,25924.75,25928.45,0,0
2025-11-13 10:45:00+05:30,25928.3,25930.75,25927.6,25929.0,0,0
2025-11-13 10:46:00+05:30,25928.55,25928.8,25925.6,25927.0,0,0
2025-11-13 10:47:00+05:30,25927.5,25930.2,25927.15,25928.45,0,0
2025-11-13 10:48:00+05:30,25927.85,25932.0,25927.6,25930.85,0,0
2025-11-13 10:49:00+05:30,25930.3,25940.4,25929.85,25940.05,0,0
2025-11-13 10:50:00+05:30,25940.4,25944.35,25939.65,25943.1,0,0
2025-11-13 10:51:00+05:30,25942.65,25947.75,25942.5,25943.55,0,0
2025-11-13 10:52:00+05:30,25942.95,25943.6,25939.25,25943.05,0,0
2025-11-13 10:53:00+05:30,25942.95,25946.65,25942.55,25945.8,0,0
2025-11-13 10:54:00+05:30,25946.5,25947.35,25943.45,25943.45,0,0
2025-11-13 10:55:00+05:30,25943.75,25945.3,25941.95,25945.3,0,0
2025-11-13 10:56:00+05:30,25944.55,25948.15,25944.3,25947.35,0,0
2025-11-13 10:57:00+05:30,25946.95,25947.1,25943.4,25943.5,0,0
2025-11-13 10:58:00+05:30,25943.75,25945.0,25941.45,25944.5,0,0
2025-11-13 10:59:00+05:30,25944.3,25947.05,25943.75,25946.85,0,0
2025-11-13 11:00:00+05:30,25947.4,25951.75,25947.05,25948.65,0,0
2025-11-13 11:01:00+05:30,25948.45,25949.6,25947.0,25948.15,0,0
2025-11-13 11:02:00+05:30,25948.1,25951.35,25948.1,25950.35,0,0
2025-11-13 11:03:00+05:30,25950.8,25954.6,25949.65,25954.0,0,0
2025-11-13 11:04:00+05:30,25953.65,25965.2,25953.65,25964.3,0,0
2025-11-13 11:05:00+05:30,25965.3,25975.05,25964.75,25974.8,0,0
2025-11-13 11:06:00+05:30,25975.0,25975.1,25970.15,25971.4,0,0
2025-11-13 11:07:00+05:30,25971.75,25975.95,25970.6,25974.7,0,0
2025-11-13 11:08:00+05:30,25975.05,25975.6,25972.35,25972.8,0,0
2025-11-13 11:09:00+05:30,25972.3,25974.8,25967.05,25967.95,0,0
2025-11-13 11:10:00+05:30,25968.55,25968.8,25962.9,25966.0,0,0
2025-11-13 11:11:00+05:30,25965.15,25965.4,25956.0,25957.2,0,0
2025-11-13 11:12:00+05:30,25958.55,25959.2,25954.6,25958.85,0,0
2025-11-13 11:13:00+05:30,25958.5,25961.45,25955.95,25959.4,0,0
2025-11-13 11:14:00+05:30,25959.1,25965.9,25959.05,25963.35,0,0
2025-11-13 11:15:00+05:30,25963.4,25964.6,25961.75,25962.65,0,0
2025-11-13 11:16:00+05:30,25963.45,25967.1,25961.7,25966.65,0,0
2025-11-13 11:17:00+05:30,25966.1,25969.95,25964.35,25965.1,0,0
2025-11-13 11:18:00+05:30,25964.6,25967.35,25960.65,25962.1,0,0
2025-11-13 11:19:00+05:30,25962.0,25962.75,25960.55,25962.05,0,0
2025-11-13 11:20:00+05:30,25962.05,25964.95,25961.2,25964.5,0,0
2025-11-13 11:21:00+05:30,25964.1,25966.95,25961.95,25965.3,0,0
2025-11-13 11:22:00+05:30,25967.4,25970.95,25965.65,25967.4,0,0
2025-11-13 11:23:00+05:30,25966.75,25967.45,25963.65,25966.1,0,0
2025-11-13 11:24:00+05:30,25966.2,25967.7,25964.65,25967.35,0,0
2025-11-13 11:25:00+05:30,25966.8,25972.25,25965.35,25970.65,0,0
2025-11-13 11:26:00+05:30,25971.35,25976.35,25970.5,25974.3,0,0
2025-11-13 11:27:00+05:30,25974.1,25978.5,25973.55,25976.9,0,0
2025-11-13 11:28:00+05:30,25976.8,25977.15,25968.8,25970.3,0,0
2025-11-13 11:29:00+05:30,25969.75,25971.55,25968.65,25969.35,0,0
2025-11-13 11:30:00+05:30,25969.55,25969.75,25960.8,25960.95,0,0
2025-11-13 11:31:00+05:30,25960.8,25963.7,25960.0,25961.5,0,0
2025-11-13 11:32:00+05:30,25961.6,25963.45,25959.15,25962.75,0,0
2025-11-13 11:33:00+05:30,25962.2,25964.55,25960.4,25963.1,0,0
2025-11-13 11:34:00+05:30,25963.4,25963.4,25960.05,25960.75,0,0
2025-11-13 11:35:00+05:30,25960.15,25962.1,25958.05,25962.1,0,0
2025-11-13 11:36:00+05:30,25962.1,25963.65,25959.55,25962.5,0,0
2025-11-13 11:37:00+05:30,25962.25,25963.2,25960.5,25963.2,0,0
2025-11-13 11:38:00+05:30,25962.65,25971.05,25962.65,25968.7,0,0
2025-11-13 11:39:00+05:30,25968.85,25973.35,25968.15,25971.7,0,0
2025-11-13 11:40:00+05:30,25971.35,25973.1,25969.5,25969.9,0,0
2025-11-13 11:41:00+05:30,25969.6,25971.1,25959.6,25960.3,0,0
2025-11-13 11:42:00+05:30,25960.1,25963.25,25959.2,25960.55,0,0
2025-11-13 11:43:00+05:30,25960.15,25961.65,25959.05,25960.65,0,0
2025-11-13 11:44:00+05:30,25960.8,25963.3,25959.95,25963.2,0,0
2025-11-13 11:45:00+05:30,25963.15,25963.7,25960.4,25962.9,0,0
2025-11-13 11:46:00+05:30,25962.75,25963.4,25959.2,25959.85,0,0
2025-11-13 11:47:00+05:30,25959.8,25966.8,25959.1,25966.8,0,0
2025-11-13 11:48:00+05:30,25966.9,25971.85,25966.9,25969.95,0,0
2025-11-13 11:49:00+05:30,25970.15,25972.05,25968.0,25968.95,0,0
2025-11-13 11:50:00+05:30,25968.05,25971.5,25967.2,25969.55,0,0
2025-11-13 11:51:00+05:30,25969.5,25969.85,25965.9,25967.3,0,0
2025-11-13 11:52:00+05:30,25967.15,25969.9,25967.0,25969.65,0,0
2025-11-13 11:53:00+05:30,25969.85,25974.15,25969.2,25972.45,0,0
2025-11-13 11:54:00+05:30,25972.35,25974.1,25971.65,25972.35,0,0
2025-11-13 11:55:00+05:30,25972.6,25972.6,25968.05,25968.8,0,0
2025-11-13 11:56:00+05:30,25969.1,25973.65,25967.2,25973.15,0,0
2025-11-13 11:57:00+05:30,25973.3,25974.55,25969.0,25969.0,0,0
2025-11-13 11:58:00+05:30,25968.8,25972.65,25967.75,25971.8,0,0
2025-11-13 11:59:00+05:30,25971.8,25983.95,25971.05,25983.95,0,0
2025-11-13 12:00:00+05:30,25981.75,25984.4,25973.15,25973.3,0,0
2025-11-13 12:01:00+05:30,25973.4,25974.9,25971.0,25972.1,0,0
2025-11-13 12:02:00+05:30,25971.75,25973.3,25970.05,25970.65,0,0
2025-11-13 12:03:00+05:30,25970.8,25972.5,25969.75,25970.05,0,0
2025-11-13 12:04:00+05:30,25969.55,25973.15,25968.1,25972.5,0,0
2025-11-13 12:05:00+05:30,25972.4,25974.9,25971.7,25974.05,0,0
2025-11-13 12:06:00+05:30,25973.85,25974.7,25970.25,25972.6,0,0
2025-11-13 12:07:00+05:30,25971.65,25983.35,25971.25,25981.2,0,0
2025-11-13 12:08:00+05:30,25981.6,25983.6,25980.5,25983.6,0,0
2025-11-13 12:09:00+05:30,25983.35,25983.65,25980.55,25981.95,0,0
2025-11-13 12:10:00+05:30,25981.95,25984.8,25980.95,25982.75,0,0
2025-11-13 12:11:00+05:30,25983.25,25984.6,25982.5,25982.85,0,0
2025-11-13 12:12:00+05:30,25982.4,25984.4,25979.75,25981.9,0,0
2025-11-13 12:13:00+05:30,25982.35,25983.5,25980.65,25981.65,0,0
2025-11-13 12:14:00+05:30,25980.85,25982.4,25978.9,25980.1,0,0
2025-11-13 12:15:00+05:30,25980.5,25983.7,25976.15,25983.25,0,0
2025-11-13 12:16:00+05:30,25984.05,25986.35,25982.7,25982.7,0,0
2025-11-13 12:17:00+05:30,25983.4,25984.7,25982.05,25984.5,0,0
2025-11-13 12:18:00+05:30,25984.3,25984.9,25982.55,25982.8,0,0
2025-11-13 12:19:00+05:30,25983.25,25985.15,25981.6,25983.3,0,0
2025-11-13 12:20:00+05:30,25982.35,25987.0,25982.05,25985.0,0,0
2025-11-13 12:21:00+05:30,25985.05,25987.2,25981.05,25981.5,0,0
2025-11-13 12:22:00+05:30,25981.6,25984.2,25980.4,25981.3,0,0
2025-11-13 12:23:00+05:30,25981.45,25986.95,25981.45,25983.9,0,0
2025-11-13 12:24:00+05:30,25984.6,25987.6,25982.6,25985.6,0,0
2025-11-13 12:25:00+05:30,25985.1,25985.7,25981.95,25982.4,0,0
2025-11-13 12:26:00+05:30,25983.0,25983.0,25978.85,25980.75,0,0
2025-11-13 12:27:00+05:30,25980.7,25983.5,25979.7,25983.15,0,0
2025-11-13 12:28:00+05:30,25983.05,25984.4,25979.6,25979.75,0,0
2025-11-13 12:29:00+05:30,25979.2,25981.1,25977.9,25980.15,0,0
2025-11-13 12:30:00+05:30,25980.55,25980.9,25973.9,25977.8,0,0
2025-11-13 12:31:00+05:30,25977.95,25979.75,25974.55,25975.35,0,0
2025-11-13 12:32:00+05:30,25974.4,25976.8,25968.85,25970.1,0,0
2025-11-13 12:33:00+05:30,25970.1,25970.45,25965.0,25966.65,0,0
2025-11-13 12:34:00+05:30,25966.55,25968.75,25962.75,25962.75,0,0
2025-11-13 12:35:00+05:30,25963.85,25964.9,25960.75,25961.45,0,0
2025-11-13 12:36:00+05:30,25961.95,25962.15,25949.55,25949.55,0,0
2025-11-13 12:37:00+05:30,25951.15,25952.25,25942.05,25948.9,0,0
2025-11-13 12:38:00+05:30,25949.3,25950.25,25943.55,25944.7,0,0
2025-11-13 12:39:00+05:30,25944.65,25949.9,25942.05,25949.85,0,0
2025-11-13 12:40:00+05:30,25950.25,25954.6,25944.15,25949.95,0,0
2025-11-13 12:41:00+05:30,25949.95,25951.85,25947.2,25950.7,0,0
2025-11-13 12:42:00+05:30,25951.05,25952.6,25948.8,25952.15,0,0
2025-11-13 12:43:00+05:30,25952.6,25952.9,25944.2,25947.4,0,0
2025-11-13 12:44:00+05:30,25946.95,25952.85,25946.8,25949.3,0,0
2025-11-13 12:45:00+05:30,25949.9,25952.8,25946.8,25947.7,0,0
2025-11-13 12:46:00+05:30,25948.9,25954.25,25946.5,25950.95,0,0
2025-11-13 12:47:00+05:30,25951.3,25951.3,25945.55,25946.75,0,0
2025-11-13 12:48:00+05:30,25947.3,25949.5,25944.25,25948.65,0,0
2025-11-13 12:49:00+05:30,25948.35,25954.6,25948.15,25952.55,0,0
2025-11-13 12:50:00+05:30,25951.8,25959.85,25951.75,25959.4,0,0
2025-11-13 12:51:00+05:30,25960.35,25960.85,25957.45,25959.0,0,0
2025-11-13 12:52:00+05:30,25959.7,25961.8,25953.6,25953.6,0,0
2025-11-13 12:53:00+05:30,25952.5,25953.3,25938.65,25940.25,0,0
2025-11-13 12:54:00+05:30,25939.35,25943.6,25936.85,25942.7,0,0
2025-11-13 12:55:00+05:30,25942.0,25954.2,25940.15,25953.7,0,0
2025-11-13 12:56:00+05:30,25953.85,25955.3,25951.05,25952.45,0,0
2025-11-13 12:57:00+05:30,25952.0,25959.1,25952.0,25957.6,0,0
2025-11-13 12:58:00+05:30,25958.15,25966.0,25957.0,25965.05,0,0
2025-11-13 12:59:00+05:30,25965.0,25970.2,25964.35,25969.7,0,0
2025-11-13 13:00:00+05:30,25970.45,25979.35,25970.45,25978.5,0,0
2025-11-13 13:01:00+05:30,25976.9,25979.95,25976.9,25979.1,0,0
2025-11-13 13:02:00+05:30,25979.3,25989.65,25977.9,25988.4,0,0
2025-11-13 13:03:00+05:30,25988.55,25988.8,25980.6,25982.0,0,0
2025-11-13 13:04:00+05:30,25981.4,25984.6,25979.65,25983.7,0,0
2025-11-13 13:05:00+05:30,25983.1,25987.95,25982.95,25987.15,0,0
2025-11-13 13:06:00+05:30,25987.5,25988.55,25981.45,25981.45,0,0
2025-11-13 13:07:00+05:30,25981.35,25984.55,25980.45,25981.55,0,0
2025-11-13 13:08:00+05:30,25980.95,25982.35,25979.25,25979.9,0,0
2025-11-13 13:09:00+05:30,25980.85,25982.7,25978.55,25980.05,0,0
2025-11-13 13:10:00+05:30,25980.1,25981.55,25974.8,25974.8,0,0
2025-11-13 13:11:00+05:30,25975.3,25976.8,25972.75,25975.25,0,0
2025-11-13 13:12:00+05:30,25975.5,25978.15,25974.85,25976.7,0,0
2025-11-13 13:13:00+05:30,25977.35,25981.25,25976.15,25977.1,0,0
2025-11-13 13:14:00+05:30,25977.9,25979.45,25975.5,25977.95,0,0
2025-11-13 13:15:00+05:30,25978.55,25983.3,25978.25,25979.95,0,0
2025-11-13 13:16:00+05:30,25981.25,25981.95,25976.55,25979.9,0,0
2025-11-13 13:17:00+05:30,25980.05,25982.0,25979.0,25980.25,0,0
2025-11-13 13:18:00+05:30,25980.9,25981.65,25970.9,25973.15,0,0
2025-11-13 13:19:00+05:30,25973.6,25976.65,25972.35,25974.7,0,0
2025-11-13 13:20:00+05:30,25974.25,25979.55,25972.75,25978.75,0,0
2025-11-13 13:21:00+05:30,25978.4,25982.05,25977.2,25978.45,0,0
2025-11-13 13:22:00+05:30,25979.05,25986.0,25978.1,25985.2,0,0
2025-11-13 13:23:00+05:30,25984.15,25989.1,25984.15,25988.5,0,0
2025-11-13 13:24:00+05:30,25987.7,25988.8,25985.0,25985.0,0,0
2025-11-13 13:25:00+05:30,25984.4,25984.6,25975.35,25975.35,0,0
2025-11-13 13:26:00+05:30,25974.65,25978.15,25973.6,25976.85,0,0
2025-11-13 13:27:00+05:30,25977.0,25981.3,25977.0,25977.55,0,0
2025-11-13 13:28:00+05:30,25977.6,25981.15,25977.35,25979.45,0,0
2025-11-13 13:29:00+05:30,25979.25,25983.4,25979.25,25981.0,0,0
2025-11-13 13:30:00+05:30,25981.35,25982.5,25979.15,25981.4,0,0
2025-11-13 13:31:00+05:30,25981.5,25982.95,25979.4,25980.9,0,0
2025-11-13 13:32:00+05:30,25979.9,25981.2,25976.5,25977.35,0,0
2025-11-13 13:33:00+05:30,25977.1,25980.55,25975.15,25979.35,0,0
2025-11-13 13:34:00+05:30,25979.15,25981.65,25976.9,25977.85,0,0
2025-11-13 13:35:00+05:30,25977.75,25988.55,25977.55,25986.95,0,0
2025-11-13 13:36:00+05:30,25986.7,25994.15,25986.7,25991.8,0,0
2025-11-13 13:37:00+05:30,25991.9,25997.4,25991.45,25993.65,0,0
2025-11-13 13:38:00+05:30,25993.55,25996.45,25992.05,25996.0,0,0
2025-11-13 13:39:00+05:30,25996.8,25998.3,25993.65,25993.65,0,0
2025-11-13 13:40:00+05:30,25994.35,25997.4,25993.15,25994.95,0,0
2025-11-13 13:41:00+05:30,25995.6,26006.9,25995.25,26006.05,0,0
2025-11-13 13:42:00+05:30,26006.1,26010.7,26003.6,26003.6,0,0
2025-11-13 13:43:00+05:30,26004.35,26006.85,26000.1,26001.3,0,0
2025-11-13 13:44:00+05:30,26002.45,26004.15,25998.6,25998.6,0,0
2025-11-13 13:45:00+05:30,25998.6,26001.85,25997.25,25999.85,0,0
2025-11-13 13:46:00+05:30,26000.5,26003.45,25999.1,25999.1,0,0
2025-11-13 13:47:00+05:30,25999.85,26003.4,25996.75,25996.8,0,0
2025-11-13 13:48:00+05:30,25997.6,25999.35,25988.35,25988.75,0,0
2025-11-13 13:49:00+05:30,25989.0,25989.6,25985.0,25986.0,0,0
2025-11-13 13:50:00+05:30,25986.3,25988.55,25982.55,25985.0,0,0
2025-11-13 13:51:00+05:30,25985.35,25987.15,25981.9,25985.8,0,0
2025-11-13 13:52:00+05:30,25985.95,25986.75,25979.05,25979.4,0,0
2025-11-13 13:53:00+05:30,25979.5,25979.9,25974.5,25976.25,0,0
2025-11-13 13:54:00+05:30,25976.55,25978.15,25974.95,25976.2,0,0
2025-11-13 13:55:00+05:30,25975.85,25979.3,25974.45,25975.4,0,0
2025-11-13 13:56:00+05:30,25975.4,25976.35,25966.45,25968.95,0,0
2025-11-13 13:57:00+05:30,25969.05,25969.95,25966.25,25967.6,0,0
2025-11-13 13:58:00+05:30,25967.65,25968.55,25955.8,25958.95,0,0
2025-11-13 13:59:00+05:30,25959.05,25959.05,25928.45,25929.15,0,0
2025-11-13 14:00:00+05:30,25931.55,25936.65,25912.2,25912.2,0,0
2025-11-13 14:01:00+05:30,25911.9,25922.45,25906.3,25906.3,0,0
2025-11-13 14:02:00+05:30,25905.8,25919.0,25901.75,25916.0,0,0
2025-11-13 14:03:00+05:30,25916.25,25921.2,25913.1,25917.8,0,0
2025-11-13 14:04:00+05:30,25917.95,25918.3,25907.25,25907.65,0,0
2025-11-13 14:05:00+05:30,25908.7,25922.7,25908.7,25922.5,0,0
2025-11-13 14:06:00+05:30,25922.8,25923.65,25909.65,25914.15,0,0
2025-11-13 14:07:00+05:30,25914.1,25918.75,25905.25,25905.25,0,0
2025-11-13 14:08:00+05:30,25906.35,25906.95,25893.4,25895.8,0,0
2025-11-13 14:09:00+05:30,25896.0,25898.9,25893.3,25894.15,0,0
2025-11-13 14:10:00+05:30,25895.3,25897.1,25886.35,25887.95,0,0
2025-11-13 14:11:00+05:30,25887.95,25892.35,25886.25,25891.2,0,0
2025-11-13 14:12:00+05:30,25891.8,25895.45,25874.75,25874.75,0,0
2025-11-13 14:13:00+05:30,25874.0,25884.55,25871.1,25883.7,0,0
2025-11-13 14:14:00+05:30,25883.9,25898.4,25883.9,25894.45,0,0
2025-11-13 14:15:00+05:30,25894.0,25904.2,25892.9,25902.85,0,0
2025-11-13 14:16:00+05:30,25903.05,25910.7,25897.25,25897.85,0,0
2025-11-13 14:17:00+05:30,25898.2,25910.95,25898.2,25909.85,0,0
2025-11-13 14:18:00+05:30,25910.25,25916.9,25909.3,25912.8,0,0
2025-11-13 14:19:00+05:30,25913.1,25918.2,25912.95,25917.55,0,0
2025-11-13 14:20:00+05:30,25917.3,25919.65,25911.25,25911.25,0,0
2025-11-13 14:21:00+05:30,25911.55,25914.4,25899.55,25901.55,0,0
2025-11-13 14:22:00+05:30,25901.65,25903.9,25898.95,25900.0,0,0
2025-11-13 14:23:00+05:30,25900.85,25902.65,25897.35,25897.35,0,0
2025-11-13 14:24:00+05:30,25897.85,25910.85,25892.9,25910.5,0,0
2025-11-13 14:25:00+05:30,25909.85,25914.05,25908.9,25909.05,0,0
2025-11-13 14:26:00+05:30,25909.3,25913.35,25907.8,25911.3,0,0
2025-11-13 14:27:00+05:30,25911.5,25917.3,25911.5,25916.2,0,0
2025-11-13 14:28:00+05:30,25916.6,25919.35,25915.65,25918.65,0,0
2025-11-13 14:29:00+05:30,25919.05,25922.65,25916.2,25921.6,0,0
2025-11-13 14:30:00+05:30,25921.25,25922.55,25919.85,25921.1,0,0
2025-11-13 14:31:00+05:30,25921.9,25927.4,25917.35,25925.45,0,0
2025-11-13 14:32:00+05:30,25925.5,25927.7,25921.55,25923.25,0,0
2025-11-13 14:33:00+05:30,25923.2,25930.6,25922.2,25929.9,0,0
2025-11-13 14:34:00+05:30,25931.2,25932.85,25915.5,25915.55,0,0
2025-11-13 14:35:00+05:30,25915.3,25917.8,25906.0,25912.45,0,0
2025-11-13 14:36:00+05:30,25915.95,25919.8,25910.85,25918.4,0,0
2025-11-13 14:37:00+05:30,25919.4,25921.35,25914.5,25914.5,0,0
2025-11-13 14:38:00+05:30,25914.8,25916.0,25909.0,25911.45,0,0
2025-11-13 14:39:00+05:30,25912.4,25913.4,25910.65,25911.65,0,0
2025-11-13 14:40:00+05:30,25911.9,25912.6,25908.7,25910.8,0,0
2025-11-13 14:41:00+05:30,25911.1,25923.9,25910.1,25923.9,0,0
2025-11-13 14:42:00+05:30,25924.2,25926.25,25918.35,25924.75,0,0
2025-11-13 14:43:00+05:30,25926.0,25938.85,25923.9,25938.85,0,0
2025-11-13 14:44:00+05:30,25938.3,25939.95,25923.75,25924.05,0,0
2025-11-13 14:45:00+05:30,25923.8,25925.1,25920.05,25921.45,0,0
2025-11-13 14:46:00+05:30,25921.8,25924.75,25919.3,25923.65,0,0
2025-11-13 14:47:00+05:30,25923.25,25931.4,25923.25,25929.35,0,0
2025-11-13 14:48:00+05:30,25930.35,25931.0,25927.5,25928.6,0,0
2025-11-13 14:49:00+05:30,25927.45,25929.7,25922.15,25922.8,0,0
2025-11-13 14:50:00+05:30,25923.2,25925.9,25920.6,25922.95,0,0
2025-11-13 14:51:00+05:30,25921.95,25922.35,25903.35,25904.1,0,0
2025-11-13 14:52:00+05:30,25903.65,25904.0,25899.55,25899.9,0,0
2025-11-13 14:53:00+05:30,25900.25,25900.25,25886.4,25886.4,0,0
2025-11-13 14:54:00+05:30,25886.55,25900.7,25882.15,25899.65,0,0
2025-11-13 14:55:00+05:30,25899.65,25902.05,25891.15,25894.0,0,0
2025-11-13 14:56:00+05:30,25893.75,25899.4,25892.55,25896.7,0,0
2025-11-13 14:57:00+05:30,25897.0,25898.6,25892.05,25896.0,0,0
2025-11-13 14:58:00+05:30,25896.1,25896.8,25888.1,25888.3,0,0
2025-11-13 14:59:00+05:30,25888.5,25888.65,25878.5,25878.7,0,0
2025-11-13 15:00:00+05:30,25878.35,25881.4,25874.4,25876.75,0,0
2025-11-13 15:01:00+05:30,25876.5,25878.1,25869.85,25871.2,0,0
2025-11-13 15:02:00+05:30,25872.1,25884.95,25872.1,25882.65,0,0
2025-11-13 15:03:00+05:30,25883.3,25887.6,25880.35,25885.65,0,0
2025-11-13 15:04:00+05:30,25885.55,25889.65,25882.75,25888.65,0,0
2025-11-13 15:05:00+05:30,25889.2,25889.95,25882.3,25883.2,0,0
2025-11-13 15:06:00+05:30,25882.5,25882.5,25876.75,25879.65,0,0
2025-11-13 15:07:00+05:30,25880.05,25883.35,25877.15,25878.4,0,0
2025-11-13 15:08:00+05:30,25878.95,25886.75,25876.75,25879.2,0,0
2025-11-13 15:09:00+05:30,25879.3,25882.2,25876.35,25877.85,0,0
2025-11-13 15:10:00+05:30,25877.05,25878.45,25866.15,25867.9,0,0
2025-11-13 15:11:00+05:30,25867.75,25875.8,25866.1,25872.7,0,0
2025-11-13 15:12:00+05:30,25870.4,25876.6,25870.4,25872.4,0,0
2025-11-13 15:13:00+05:30,25872.9,25880.45,25872.8,25879.7,0,0
2025-11-13 15:14:00+05:30,25879.15,25881.0,25872.95,25878.55,0,0
2025-11-13 15:15:00+05:30,25878.2,25895.5,25877.35,25895.05,0,0
2025-11-13 15:16:00+05:30,25894.15,25903.1,25891.1,25901.2,0,0
2025-11-13 15:17:00+05:30,25900.6,25900.6,25876.5,25877.45,0,0
2025-11-13 15:18:00+05:30,25876.25,25885.55,25874.55,25882.55,0,0
2025-11-13 15:19:00+05:30,25881.8,25884.1,25868.45,25872.75,0,0
2025-11-13 15:20:00+05:30,25873.5,25883.8,25873.5,25881.25,0,0
2025-11-13 15:21:00+05:30,25880.5,25881.55,25875.35,25879.1,0,0
2025-11-13 15:22:00+05:30,25878.3,25880.35,25871.7,25874.5,0,0
2025-11-13 15:23:00+05:30,25873.4,25877.2,25872.6,25874.05,0,0
2025-11-13 15:24:00+05:30,25873.5,25877.85,25872.25,25876.15,0,0
2025-11-13 15:25:00+05:30,25875.2,25884.7,25875.2,25882.65,0,0
2025-11-13 15:26:00+05:30,25881.75,25888.8,25880.5,25882.9,0,0
2025-11-13 15:27:00+05:30,25882.6,25885.6,25876.45,25877.25,0,0
2025-11-13 15:28:00+05:30,25877.6,25882.2,25873.4,25877.35,0,0
2025-11-13 15:29:00+05:30,25877.0,25884.1,25874.6,25884.1,0,0
2025-11-14 09:15:00+05:30,25767.9,25826.75,25766.3,25816.5,0,0
2025-11-14 09:16:00+05:30,25814.5,25814.5,25783.6,25784.45,0,0
2025-11-14 09:17:00+05:30,25784.6,25788.05,25767.3,25788.05,0,0
2025-11-14 09:18:00+05:30,25787.3,25801.65,25782.25,25798.75,0,0
2025-11-14 09:19:00+05:30,25799.6,25812.55,25794.8,25810.7,0,0
2025-11-14 09:20:00+05:30,25811.1,25811.1,25785.85,25786.7,0,0
2025-11-14 09:21:00+05:30,25786.05,25790.0,25783.55,25788.35,0,0
2025-11-14 09:22:00+05:30,25788.15,25803.15,25787.45,25796.85,0,0
2025-11-14 09:23:00+05:30,25798.05,25802.1,25788.2,25788.2,0,0
2025-11-14 09:24:00+05:30,25789.35,25792.8,25784.95,25788.7,0,0
2025-11-14 09:25:00+05:30,25788.55,25799.1,25784.6,25796.5,0,0
2025-11-14 09:26:00+05:30,25797.15,25808.65,25794.55,25801.05,0,0
2025-11-14 09:27:00+05:30,25799.65,25804.45,25786.65,25802.95,0,0
2025-11-14 09:28:00+05:30,25804.25,25809.45,25802.55,25805.1,0,0
2025-11-14 09:29:00+05:30,25804.0,25823.2,25802.8,25823.2,0,0
2025-11-14 09:30:00+05:30,25824.0,25828.65,25819.0,25827.6,0,0
2025-11-14 09:31:00+05:30,25827.5,25845.75,25825.2,25842.25,0,0
2025-11-14 09:32:00+05:30,25842.65,25855.1,25841.6,25854.85,0,0
2025-11-14 09:33:00+05:30,25854.55,25866.25,25854.25,25866.0,0,0
2025-11-14 09:34:00+05:30,25865.6,25877.3,25863.35,25877.1,0,0
2025-11-14 09:35:00+05:30,25877.2,25879.15,25859.8,25860.45,0,0
2025-11-14 09:36:00+05:30,25860.6,25863.55,25856.3,25857.3,0,0
2025-11-14 09:37:00+05:30,25857.05,25857.3,25842.45,25842.6,0,0
2025-11-14 09:38:00+05:30,25842.45,25844.4,25835.95,25841.1,0,0
2025-11-14 09:39:00+05:30,25842.7,25850.6,25837.9,25840.4,0,0
2025-11-14 09:40:00+05:30,25839.95,25846.7,25837.45,25843.9,0,0
2025-11-14 09:41:00+05:30,25843.35,25851.8,25840.9,25849.65,0,0
2025-11-14 09:42:00+05:30,25851.65,25858.85,25850.55,25855.55,0,0
2025-11-14 09:43:00+05:30,25856.2,25859.95,25852.7,25859.45,0,0
2025-11-14 09:44:00+05:30,25859.25,25860.95,25855.65,25856.2,0,0
2025-11-14 09:45:00+05:30,25855.5,25862.35,25855.5,25860.25,0,0
2025-11-14 09:46:00+05:30,25859.35,25864.45,25856.25,25863.95,0,0
2025-11-14 09:47:00+05:30,25863.3,25866.75,25862.9,25864.55,0,0
2025-11-14 09:48:00+05:30,25864.85,25864.85,25858.3,25860.7,0,0
2025-11-14 09:49:00+05:30,25860.9,25860.9,25852.35,25854.7,0,0
2025-11-14 09:50:00+05:30,25854.7,25854.7,25836.45,25837.6,0,0
2025-11-14 09:51:00+05:30,25837.55,25837.55,25820.1,25821.5,0,0
2025-11-14 09:52:00+05:30,25821.05,25821.05,25812.3,25812.3,0,0
2025-11-14 09:53:00+05:30,25813.35,25813.85,25801.95,25802.7,0,0
2025-11-14 09:54:00+05:30,25802.4,25807.15,25791.85,25792.35,0,0
2025-11-14 09:55:00+05:30,25792.25,25803.9,25790.2,25803.15,0,0
2025-11-14 09:56:00+05:30,25803.4,25818.0,25802.0,25816.55,0,0
2025-11-14 09:57:00+05:30,25816.0,25816.3,25808.25,25811.0,0,0
2025-11-14 09:58:00+05:30,25810.45,25812.15,25806.9,25808.4,0,0
2025-11-14 09:59:00+05:30,25807.8,25811.65,25805.15,25810.7,0,0
2025-11-14 10:00:00+05:30,25810.35,25814.85,25807.45,25809.05,0,0
2025-11-14 10:01:00+05:30,25808.3,25809.55,25791.6,25791.6,0,0
2025-11-14 10:02:00+05:30,25791.1,25791.1,25770.9,25772.3,0,0
2025-11-14 10:03:00+05:30,25772.95,25773.2,25768.85,25768.85,0,0
2025-11-14 10:04:00+05:30,25769.45,25774.65,25764.9,25774.65,0,0
2025-11-14 10:05:00+05:30,25774.65,25793.05,25773.4,25791.85,0,0
2025-11-14 10:06:00+05:30,25792.15,25800.4,25789.6,25800.4,0,0
2025-11-14 10:07:00+05:30,25800.8,25804.15,25794.05,25794.05,0,0
2025-11-14 10:08:00+05:30,25794.3,25796.95,25792.35,25794.75,0,0
2025-11-14 10:09:00+05:30,25794.5,25796.9,25789.6,25789.6,0,0
2025-11-14 10:10:00+05:30,25789.85,25790.95,25784.65,25784.85,0,0
2025-11-14 10:11:00+05:30,25785.2,25789.75,25782.65,25784.15,0,0
2025-11-14 10:12:00+05:30,25784.8,25784.8,25776.0,25776.85,0,0
2025-11-14 10:13:00+05:30,25777.25,25778.4,25773.85,25777.3,0,0
2025-11-14 10:14:00+05:30,25777.7,25781.6,25777.4,25780.05,0,0
2025-11-14 10:15:00+05:30,25779.7,25783.65,25774.9,25783.1,0,0
2025-11-14 10:16:00+05:30,25783.35,25800.55,25783.15,25791.15,0,0
2025-11-14 10:17:00+05:30,25790.95,25792.15,25789.2,25790.5,0,0
2025-11-14 10:18:00+05:30,25790.95,25800.85,25790.8,25799.75,0,0
2025-11-14 10:19:00+05:30,25799.3,25801.45,25792.45,25798.65,0,0
2025-11-14 10:20:00+05:30,25797.4,25797.65,25794.55,25796.3,0,0
2025-11-14 10:21:00+05:30,25796.25,25804.8,25796.1,25800.5,0,0
2025-11-14 10:22:00+05:30,25800.5,25802.0,25794.75,25794.75,0,0
2025-11-14 10:23:00+05:30,25794.8,25795.65,25789.65,25794.7,0,0
2025-11-14 10:24:00+05:30,25794.5,25794.5,25786.0,25786.35,0,0
2025-11-14 10:25:00+05:30,25787.0,25791.9,25784.0,25784.4,0,0
2025-11-14 10:26:00+05:30,25783.85,25788.25,25782.2,25788.25,0,0
2025-11-14 10:27:00+05:30,25787.65,25792.35,25782.2,25784.4,0,0
2025-11-14 10:28:00+05:30,25784.9,25790.25,25783.7,25788.15,0,0
2025-11-14 10:29:00+05:30,25788.1,25788.75,25782.85,25783.35,0,0
2025-11-14 10:30:00+05:30,25783.85,25787.35,25777.4,25778.35,0,0
2025-11-14 10:31:00+05:30,25778.3,25788.05,25775.15,25787.8,0,0
2025-11-14 10:32:00+05:30,25787.75,25791.8,25785.85,25786.4,0,0
2025-11-14 10:33:00+05:30,25786.35,25786.35,25778.15,25778.5,0,0
2025-11-14 10:34:00+05:30,25778.4,25779.8,25771.5,25773.65,0,0
2025-11-14 10:35:00+05:30,25773.3,25773.95,25769.7,25770.3,0,0
2025-11-14 10:36:00+05:30,25771.0,25777.6,25769.15,25773.4,0,0
2025-11-14 10:37:00+05:30,25772.9,25774.9,25770.0,25774.4,0,0
2025-11-14 10:38:00+05:30,25774.3,25775.0,25769.85,25770.3,0,0
2025-11-14 10:39:00+05:30,25770.5,25770.5,25765.7,25768.85,0,0
2025-11-14 10:40:00+05:30,25769.2,25777.95,25767.6,25769.6,0,0
2025-11-14 10:41:00+05:30,25769.65,25771.1,25751.7,25755.0,0,0
2025-11-14 10:42:00+05:30,25755.05,25757.95,25752.6,25752.6,0,0
2025-11-14 10:43:00+05:30,25753.3,25764.45,25753.3,25764.45,0,0
2025-11-14 10:44:00+05:30,25763.4,25771.6,25763.3,25770.1,0,0
2025-11-14 10:45:00+05:30,25769.85,25781.55,25769.85,25779.15,0,0
2025-11-14 10:46:00+05:30,25778.95,25778.95,25770.15,25771.8,0,0
2025-11-14 10:47:00+05:30,25771.6,25772.5,25768.1,25769.4,0,0
2025-11-14 10:48:00+05:30,25769.8,25777.45,25768.25,25777.45,0,0
2025-11-14 10:49:00+05:30,25777.9,25787.75,25777.75,25785.6,0,0
2025-11-14 10:50:00+05:30,25786.0,25793.35,25786.0,25789.65,0,0
2025-11-14 10:51:00+05:30,25790.7,25792.7,25789.35,25791.75,0,0
2025-11-14 10:52:00+05:30,25792.2,25795.8,25788.55,25795.8,0,0
2025-11-14 10:53:00+05:30,25795.3,25806.35,25795.05,25805.5,0,0
2025-11-14 10:54:00+05:30,25806.5,25837.8,25806.4,25837.4,0,0
2025-11-14 10:55:00+05:30,25837.45,25839.2,25826.2,25831.85,0,0
2025-11-14 10:56:00+05:30,25832.15,25838.25,25830.9,25834.05,0,0
2025-11-14 10:57:00+05:30,25833.85,25851.95,25829.35,25851.95,0,0
2025-11-14 10:58:00+05:30,25852.15,25852.15,25841.55,25845.9,0,0
2025-11-14 10:59:00+05:30,25845.95,25851.8,25844.75,25848.15,0,0
2025-11-14 11:00:00+05:30,25849.15,25861.4,25848.65,25858.9,0,0
2025-11-14 11:01:00+05:30,25859.55,25860.45,25846.45,25851.35,0,0
2025-11-14 11:02:00+05:30,25850.4,25853.75,25847.25,25852.85,0,0
2025-11-14 11:03:00+05:30,25852.8,25854.9,25843.9,25844.25,0,0
2025-11-14 11:04:00+05:30,25843.85,25844.45,25837.8,25842.3,0,0
2025-11-14 11:05:00+05:30,25842.5,25844.5,25840.0,25841.45,0,0
2025-11-14 11:06:00+05:30,25841.5,25847.8,25839.95,25846.5,0,0
2025-11-14 11:07:00+05:30,25846.65,25850.5,25844.7,25844.7,0,0
2025-11-14 11:08:00+05:30,25845.35,25850.45,25844.5,25849.5,0,0
2025-11-14 11:09:00+05:30,25849.05,25853.4,25848.5,25849.6,0,0
2025-11-14 11:10:00+05:30,25849.15,25850.15,25847.35,25849.7,0,0
2025-11-14 11:11:00+05:30,25850.0,25852.4,25845.3,25850.7,0,0
2025-11-14 11:12:00+05:30,25850.05,25864.05,25849.05,25862.2,0,0
2025-11-14 11:13:00+05:30,25862.7,25863.15,25855.05,25856.5,0,0
2025-11-14 11:14:00+05:30,25858.1,25858.95,25854.35,25855.25,0,0
2025-11-14 11:15:00+05:30,25854.75,25863.1,25854.6,25860.75,0,0
2025-11-14 11:16:00+05:30,25860.2,25861.25,25852.8,25854.55,0,0
2025-11-14 11:17:00+05:30,25854.1,25855.8,25842.1,25842.6,0,0
2025-11-14 11:18:00+05:30,25842.45,25844.0,25827.15,25827.75,0,0
2025-11-14 11:19:00+05:30,25826.8,25826.8,25814.95,25821.95,0,0
2025-11-14 11:20:00+05:30,25821.65,25827.75,25819.8,25824.9,0,0
2025-11-14 11:21:00+05:30,25825.5,25828.0,25822.5,25822.75,0,0
2025-11-14 11:22:00+05:30,25821.8,25822.55,25813.95,25817.55,0,0
2025-11-14 11:23:00+05:30,25818.0,25822.6,25816.85,25821.6,0,0
2025-11-14 11:24:00+05:30,25821.55,25822.45,25816.4,25818.4,0,0
2025-11-14 11:25:00+05:30,25818.3,25818.55,25814.55,25816.95,0,0
2025-11-14 11:26:00+05:30,25816.55,25819.2,25815.5,25818.4,0,0
2025-11-14 11:27:00+05:30,25818.2,25818.8,25813.15,25815.95,0,0
2025-11-14 11:28:00+05:30,25815.15,25818.0,25814.1,25817.1,0,0
2025-11-14 11:29:00+05:30,25817.45,25821.9,25814.65,25815.2,0,0
2025-11-14 11:30:00+05:30,25815.2,25821.15,25813.9,25819.9,0,0
2025-11-14 11:31:00+05:30,25819.25,25821.6,25813.45,25814.05,0,0
2025-11-14 11:32:00+05:30,25814.3,25814.3,25809.3,25812.4,0,0
2025-11-14 11:33:00+05:30,25812.55,25814.65,25800.0,25800.0,0,0
2025-11-14 11:34:00+05:30,25800.2,25809.95,25799.1,25808.6,0,0
2025-11-14 11:35:00+05:30,25808.5,25811.2,25806.8,25807.5,0,0
2025-11-14 11:36:00+05:30,25807.1,25809.65,25804.45,25807.5,0,0
2025-11-14 11:37:00+05:30,25806.9,25815.15,25806.9,25814.05,0,0
2025-11-14 11:38:00+05:30,25814.3,25814.95,25804.85,25805.25,0,0
2025-11-14 11:39:00+05:30,25804.1,25804.9,25799.05,25801.15,0,0
2025-11-14 11:40:00+05:30,25800.85,25805.9,25800.85,25803.2,0,0
2025-11-14 11:41:00+05:30,25803.6,25804.2,25799.85,25802.6,0,0
2025-11-14 11:42:00+05:30,25802.5,25804.6,25793.65,25793.65,0,0
2025-11-14 11:43:00+05:30,25791.25,25791.65,25786.15,25787.65,0,0
2025-11-14 11:44:00+05:30,25786.5,25791.05,25786.2,25789.95,0,0
2025-11-14 11:45:00+05:30,25789.1,25800.35,25788.9,25799.6,0,0
2025-11-14 11:46:00+05:30,25799.35,25800.0,25795.8,25796.25,0,0
2025-11-14 11:47:00+05:30,25796.5,25805.75,25792.2,25798.8,0,0
2025-11-14 11:48:00+05:30,25798.75,25800.45,25793.5,25798.3,0,0
2025-11-14 11:49:00+05:30,25798.55,25800.15,25796.45,25798.9,0,0
2025-11-14 11:50:00+05:30,25798.45,25804.5,25797.0,25802.4,0,0
2025-11-14 11:51:00+05:30,25802.35,25803.55,25797.65,25801.35,0,0
2025-11-14 11:52:00+05:30,25801.2,25809.05,25801.0,25802.55,0,0
2025-11-14 11:53:00+05:30,25801.85,25804.75,25797.9,25798.2,0,0
2025-11-14 11:54:00+05:30,25797.85,25802.3,25797.85,25800.0,0,0
2025-11-14 11:55:00+05:30,25799.45,25800.0,25792.9,25793.15,0,0
2025-11-14 11:56:00+05:30,25794.15,25795.5,25790.15,25794.5,0,0
2025-11-14 11:57:00+05:30,25793.75,25796.7,25790.0,25791.35,0,0
2025-11-14 11:58:00+05:30,25791.35,25794.0,25790.5,25793.65,0,0
2025-11-14 11:59:00+05:30,25792.75,25796.35,25788.3,25789.45,0,0
2025-11-14 12:00:00+05:30,25788.95,25796.5,25788.95,25794.75,0,0
2025-11-14 12:01:00+05:30,25793.85,25799.25,25791.15,25792.45,0,0
2025-11-14 12:02:00+05:30,25791.85,25794.15,25789.4,25791.05,0,0
2025-11-14 12:03:00+05:30,25789.55,25793.4,25788.8,25793.15,0,0
2025-11-14 12:04:00+05:30,25792.75,25798.8,25791.7,25796.95,0,0
2025-11-14 12:05:00+05:30,25795.95,25796.7,25792.55,25795.2,0,0
2025-11-14 12:06:00+05:30,25795.5,25800.5,25795.1,25799.9,0,0
2025-11-14 12:07:00+05:30,25798.5,25800.4,25796.6,25797.1,0,0
2025-11-14 12:08:00+05:30,25797.5,25801.95,25797.5,25800.95,0,0
2025-11-14 12:09:00+05:30,25800.65,25802.55,25795.65,25797.1,0,0
2025-11-14 12:10:00+05:30,25795.55,25803.05,25795.55,25801.6,0,0
2025-11-14 12:11:00+05:30,25802.15,25811.4,25800.9,25809.95,0,0
2025-11-14 12:12:00+05:30,25810.1,25834.95,25809.7,25832.85,0,0
2025-11-14 12:13:00+05:30,25832.1,25833.15,25828.05,25831.05,0,0
2025-11-14 12:14:00+05:30,25831.1,25831.1,25823.85,25826.4,0,0
2025-11-14 12:15:00+05:30,25824.75,25827.4,25820.7,25821.3,0,0
2025-11-14 12:16:00+05:30,25821.45,25825.5,25819.65,25824.1,0,0
2025-11-14 12:17:00+05:30,25823.5,25824.3,25817.9,25823.6,0,0
2025-11-14 12:18:00+05:30,25823.8,25824.15,25819.45,25820.35,0,0
2025-11-14 12:19:00+05:30,25820.1,25826.15,25816.95,25826.15,0,0
2025-11-14 12:20:00+05:30,25825.9,25836.85,25825.3,25835.5,0,0
2025-11-14 12:21:00+05:30,25834.65,25836.6,25827.55,25827.55,0,0
2025-11-14 12:22:00+05:30,25826.35,25826.6,25818.1,25821.9,0,0
2025-11-14 12:23:00+05:30,25821.0,25829.15,25820.5,25828.75,0,0
2025-11-14 12:24:00+05:30,25828.5,25831.15,25827.85,25829.5,0,0
2025-11-14 12:25:00+05:30,25829.0,25835.2,25827.25,25833.85,0,0
2025-11-14 12:26:00+05:30,25833.6,25837.0,25830.3,25834.55,0,0
2025-11-14 12:27:00+05:30,25833.95,25839.25,25832.8,25835.15,0,0
2025-11-14 12:28:00+05:30,25834.2,25838.85,25832.3,25833.3,0,0
2025-11-14 12:29:00+05:30,25833.3,25838.0,25832.15,25834.1,0,0
2025-11-14 12:30:00+05:30,25833.15,25836.3,25828.7,25829.4,0,0
2025-11-14 12:31:00+05:30,25829.3,25830.4,25826.85,25827.95,0,0
2025-11-14 12:32:00+05:30,25828.5,25828.5,25812.0,25817.6,0,0
2025-11-14 12:33:00+05:30,25817.15,25817.15,25807.7,25809.9,0,0
2025-11-14 12:34:00+05:30,25811.1,25811.45,25805.6,25807.6,0,0
2025-11-14 12:35:00+05:30,25808.95,25814.05,25808.15,25812.5,0,0
2025-11-14 12:36:00+05:30,25810.15,25815.45,25810.15,25814.55,0,0
2025-11-14 12:37:00+05:30,25814.1,25817.5,25810.3,25811.15,0,0
2025-11-14 12:38:00+05:30,25809.2,25810.95,25803.85,25805.4,0,0
2025-11-14 12:39:00+05:30,25805.1,25807.35,25802.5,25804.85,0,0
2025-11-14 12:40:00+05:30,25804.75,25807.8,25803.15,25805.85,0,0
2025-11-14 12:41:00+05:30,25803.2,25811.15,25803.2,25806.95,0,0
2025-11-14 12:42:00+05:30,25806.55,25811.05,25805.45,25807.85,0,0
2025-11-14 12:43:00+05:30,25806.05,25816.0,25806.05,25815.35,0,0
2025-11-14 12:44:00+05:30,25814.7,25815.6,25809.95,25811.05,0,0
2025-11-14 12:45:00+05:30,25810.75,25812.65,25797.3,25797.85,0,0
2025-11-14 12:46:00+05:30,25796.9,25802.4,25792.05,25800.35,0,0
2025-11-14 12:47:00+05:30,25800.05,25805.05,25799.15,25804.3,0,0
2025-11-14 12:48:00+05:30,25804.15,25809.55,25804.15,25807.85,0,0
2025-11-14 12:49:00+05:30,25806.55,25815.25,25806.55,25813.45,0,0
2025-11-14 12:50:00+05:30,25813.25,25816.4,25811.15,25813.6,0,0
2025-11-14 12:51:00+05:30,25812.7,25813.15,25807.0,25807.75,0,0
2025-11-14 12:52:00+05:30,25807.3,25809.95,25804.55,25805.75,0,0
2025-11-14 12:53:00+05:30,25805.15,25808.4,25803.6,25806.1,0,0
2025-11-14 12:54:00+05:30,25805.15,25808.15,25800.9,25803.05,0,0
2025-11-14 12:55:00+05:30,25803.0,25806.7,25801.3,25804.75,0,0
2025-11-14 12:56:00+05:30,25804.55,25809.45,25804.35,25807.3,0,0
2025-11-14 12:57:00+05:30,25807.85,25808.8,25804.05,25804.65,0,0
2025-11-14 12:58:00+05:30,25804.15,25805.4,25800.2,25801.55,0,0
2025-11-14 12:59:00+05:30,25801.5,25803.85,25797.7,25799.9,0,0
2025-11-14 13:00:00+05:30,25799.65,25800.9,25791.3,25794.25,0,0
2025-11-14 13:01:00+05:30,25792.1,25795.8,25791.4,25792.9,0,0
2025-11-14 13:02:00+05:30,25791.6,25792.9,25786.3,25789.4,0,0
2025-11-14 13:03:00+05:30,25789.5,25797.7,25788.85,25793.9,0,0
2025-11-14 13:04:00+05:30,25794.05,25795.2,25787.15,25787.6,0,0
2025-11-14 13:05:00+05:30,25787.75,25792.3,25781.75,25792.3,0,0
2025-11-14 13:06:00+05:30,25792.15,25795.8,25786.75,25787.6,0,0
2025-11-14 13:07:00+05:30,25786.75,25788.8,25783.8,25788.15,0,0
2025-11-14 13:08:00+05:30,25788.2,25793.75,25787.65,25791.2,0,0
2025-11-14 13:09:00+05:30,25791.3,25791.9,25786.3,25788.5,0,0
2025-11-14 13:10:00+05:30,25788.25,25788.75,25786.1,25787.6,0,0
2025-11-14 13:11:00+05:30,25786.85,25789.0,25784.9,25786.4,0,0
2025-11-14 13:12:00+05:30,25785.9,25797.35,25784.55,25797.2,0,0
2025-11-14 13:13:00+05:30,25796.95,25804.75,25794.2,25804.75,0,0
2025-11-14 13:14:00+05:30,25802.3,25803.9,25798.55,25799.6,0,0
2025-11-14 13:15:00+05:30,25799.0,25799.35,25795.0,25798.75,0,0
2025-11-14 13:16:00+05:30,25798.0,25806.65,25797.3,25803.65,0,0
2025-11-14 13:17:00+05:30,25803.5,25816.7,25803.45,25812.2,0,0
2025-11-14 13:18:00+05:30,25811.25,25812.45,25807.35,25809.9,0,0
2025-11-14 13:19:00+05:30,25808.95,25810.9,25804.3,25806.35,0,0
2025-11-14 13:20:00+05:30,25804.7,25807.65,25803.6,25807.05,0,0
2025-11-14 13:21:00+05:30,25807.6,25810.7,25806.35,25808.15,0,0
2025-11-14 13:22:00+05:30,25808.25,25809.8,25802.75,25803.8,0,0
2025-11-14 13:23:00+05:30,25804.05,25805.15,25801.95,25802.75,0,0
2025-11-14 13:24:00+05:30,25803.25,25808.65,25803.15,25807.2,0,0
2025-11-14 13:25:00+05:30,25805.65,25814.35,25805.45,25813.95,0,0
2025-11-14 13:26:00+05:30,25813.75,25817.0,25811.65,25814.05,0,0
2025-11-14 13:27:00+05:30,25813.5,25816.85,25812.6,25814.0,0,0
2025-11-14 13:28:00+05:30,25814.4,25816.1,25813.3,25816.1,0,0
2025-11-14 13:29:00+05:30,25815.9,25820.2,25815.9,25818.3,0,0
2025-11-14 13:30:00+05:30,25818.0,25819.15,25811.55,25813.4,0,0
2025-11-14 13:31:00+05:30,25813.1,25813.55,25809.35,25812.65,0,0
2025-11-14 13:32:00+05:30,25812.15,25814.65,25809.5,25810.15,0,0
2025-11-14 13:33:00+05:30,25810.25,25810.75,25803.1,25804.7,0,0
2025-11-14 13:34:00+05:30,25804.65,25806.05,25801.1,25806.05,0,0
2025-11-14 13:35:00+05:30,25805.0,25806.2,25802.6,25805.75,0,0
2025-11-14 13:36:00+05:30,25804.55,25805.65,25795.5,25796.2,0,0
2025-11-14 13:37:00+05:30,25796.0,25797.55,25790.35,25791.25,0,0
2025-11-14 13:38:00+05:30,25791.95,25792.65,25785.4,25789.75,0,0
2025-11-14 13:39:00+05:30,25789.3,25790.6,25765.15,25767.15,0,0
2025-11-14 13:40:00+05:30,25769.45,25775.85,25767.45,25768.1,0,0
2025-11-14 13:41:00+05:30,25768.35,25771.3,25765.85,25769.95,0,0
2025-11-14 13:42:00+05:30,25769.0,25771.85,25767.5,25771.55,0,0
2025-11-14 13:43:00+05:30,25771.15,25772.55,25767.5,25770.25,0,0
2025-11-14 13:44:00+05:30,25768.75,25770.95,25759.3,25762.45,0,0
2025-11-14 13:45:00+05:30,25758.25,25759.4,25747.0,25750.0,0,0
2025-11-14 13:46:00+05:30,25749.0,25763.4,25747.9,25760.5,0,0
2025-11-14 13:47:00+05:30,25761.1,25770.55,25760.7,25768.15,0,0
2025-11-14 13:48:00+05:30,25768.4,25769.2,25760.3,25760.3,0,0
2025-11-14 13:49:00+05:30,25760.65,25764.95,25760.5,25762.9,0,0
2025-11-14 13:50:00+05:30,25763.1,25764.35,25758.4,25758.4,0,0
2025-11-14 13:51:00+05:30,25759.0,25761.4,25754.3,25755.2,0,0
2025-11-14 13:52:00+05:30,25755.55,25756.75,25749.45,25751.2,0,0
2025-11-14 13:53:00+05:30,25750.7,25755.4,25749.1,25755.4,0,0
2025-11-14 13:54:00+05:30,25754.85,25755.65,25740.8,25745.25,0,0
2025-11-14 13:55:00+05:30,25745.3,25755.7,25744.1,25755.25,0,0
2025-11-14 13:56:00+05:30,25754.2,25759.1,25752.95,25757.0,0,0
2025-11-14 13:57:00+05:30,25757.4,25762.05,25756.4,25761.75,0,0
2025-11-14 13:58:00+05:30,25761.7,25766.4,25758.7,25760.95,0,0
2025-11-14 13:59:00+05:30,25760.2,25763.4,25759.05,25762.3,0,0
2025-11-14 14:00:00+05:30,25762.55,25770.3,25761.85,25763.8,0,0
2025-11-14 14:01:00+05:30,25763.65,25765.3,25760.05,25764.3,0,0
2025-11-14 14:02:00+05:30,25765.85,25765.95,25761.75,25763.2,0,0
2025-11-14 14:03:00+05:30,25762.6,25766.3,25761.7,25766.15,0,0
2025-11-14 14:04:00+05:30,25765.05,25768.05,25763.35,25766.85,0,0
2025-11-14 14:05:00+05:30,25766.6,25774.15,25765.35,25773.5,0,0
2025-11-14 14:06:00+05:30,25773.5,25777.6,25772.15,25775.5,0,0
2025-11-14 14:07:00+05:30,25775.3,25776.45,25770.15,25770.5,0,0
2025-11-14 14:08:00+05:30,25770.75,25771.0,25766.65,25768.0,0,0
2025-11-14 14:09:00+05:30,25767.4,25773.05,25766.4,25770.65,0,0
2025-11-14 14:10:00+05:30,25770.75,25771.0,25765.25,25765.8,0,0
2025-11-14 14:11:00+05:30,25765.45,25767.55,25761.75,25766.15,0,0
2025-11-14 14:12:00+05:30,25766.9,25767.5,25760.9,25765.25,0,0
2025-11-14 14:13:00+05:30,25765.15,25766.9,25763.55,25766.2,0,0
2025-11-14 14:14:00+05:30,25765.85,25774.75,25765.3,25774.4,0,0
2025-11-14 14:15:00+05:30,25772.85,25774.15,25770.0,25770.4,0,0
2025-11-14 14:16:00+05:30,25770.75,25773.2,25767.25,25767.65,0,0
2025-11-14 14:17:00+05:30,25767.8,25768.2,25759.2,25763.2,0,0
2025-11-14 14:18:00+05:30,25764.1,25772.2,25762.3,25770.35,0,0
2025-11-14 14:19:00+05:30,25770.05,25774.65,25767.35,25771.9,0,0
2025-11-14 14:20:00+05:30,25771.6,25771.65,25757.65,25757.8,0,0
2025-11-14 14:21:00+05:30,25758.35,25763.65,25758.35,25761.75,0,0
2025-11-14 14:22:00+05:30,25761.45,25764.25,25760.3,25762.65,0,0
2025-11-14 14:23:00+05:30,25762.6,25762.6,25757.15,25759.65,0,0
2025-11-14 14:24:00+05:30,25759.55,25771.6,25759.3,25767.0,0,0
2025-11-14 14:25:00+05:30,25767.15,25768.55,25763.7,25764.95,0,0
2025-11-14 14:26:00+05:30,25765.6,25766.05,25760.75,25764.4,0,0
2025-11-14 14:27:00+05:30,25763.1,25764.7,25760.25,25762.4,0,0
2025-11-14 14:28:00+05:30,25761.45,25779.35,25760.7,25779.35,0,0
2025-11-14 14:29:00+05:30,25778.5,25790.4,25776.5,25784.0,0,0
2025-11-14 14:30:00+05:30,25783.8,25784.8,25772.1,25777.05,0,0
2025-11-14 14:31:00+05:30,25777.6,25777.6,25773.25,25775.4,0,0
2025-11-14 14:32:00+05:30,25775.0,25793.25,25775.0,25793.25,0,0
2025-11-14 14:33:00+05:30,25792.4,25796.25,25785.45,25785.9,0,0
2025-11-14 14:34:00+05:30,25787.25,25787.75,25782.05,25783.1,0,0
2025-11-14 14:35:00+05:30,25783.55,25789.5,25782.15,25785.05,0,0
2025-11-14 14:36:00+05:30,25783.8,25790.7,25782.95,25789.55,0,0
2025-11-14 14:37:00+05:30,25788.95,25790.95,25783.8,25789.2,0,0
2025-11-14 14:38:00+05:30,25789.3,25796.5,25787.05,25796.5,0,0
2025-11-14 14:39:00+05:30,25795.95,25797.3,25792.8,25794.25,0,0
2025-11-14 14:40:00+05:30,25794.05,25794.65,25791.05,25792.65,0,0
2025-11-14 14:41:00+05:30,25792.45,25802.7,25790.15,25797.65,0,0
2025-11-14 14:42:00+05:30,25796.8,25797.3,25792.7,25796.1,0,0
2025-11-14 14:43:00+05:30,25795.2,25795.3,25787.8,25789.75,0,0
2025-11-14 14:44:00+05:30,25789.35,25791.1,25785.35,25789.65,0,0
2025-11-14 14:45:00+05:30,25790.8,25796.45,25789.9,25793.6,0,0
2025-11-14 14:46:00+05:30,25793.6,25800.15,25792.45,25793.4,0,0
2025-11-14 14:47:00+05:30,25793.95,25793.95,25788.25,25788.95,0,0
2025-11-14 14:48:00+05:30,25789.2,25790.15,25786.1,25786.65,0,0
2025-11-14 14:49:00+05:30,25786.6,25787.6,25782.35,25785.35,0,0
2025-11-14 14:50:00+05:30,25784.6,25787.4,25781.45,25787.4,0,0
2025-11-14 14:51:00+05:30,25787.0,25791.7,25766.2,25766.75,0,0
2025-11-14 14:52:00+05:30,25766.85,25769.85,25759.15,25765.75,0,0
2025-11-14 14:53:00+05:30,25765.95,25765.95,25759.8,25759.9,0,0
2025-11-14 14:54:00+05:30,25760.4,25773.85,25759.1,25768.35,0,0
2025-11-14 14:55:00+05:30,25768.55,25777.7,25765.65,25767.4,0,0
2025-11-14 14:56:00+05:30,25766.85,25767.65,25762.15,25763.65,0,0
2025-11-14 14:57:00+05:30,25764.0,25766.0,25759.75,25760.25,0,0
2025-11-14 14:58:00+05:30,25759.35,25763.25,25759.1,25760.0,0,0
2025-11-14 14:59:00+05:30,25760.7,25767.0,25760.7,25766.3,0,0
2025-11-14 15:00:00+05:30,25767.6,25828.3,25767.6,25827.9,0,0
2025-11-14 15:01:00+05:30,25829.45,25849.1,25829.45,25846.4,0,0
2025-11-14 15:02:00+05:30,25846.8,25864.65,25843.55,25864.65,0,0
2025-11-14 15:03:00+05:30,25865.35,25885.95,25865.35,25884.75,0,0
2025-11-14 15:04:00+05:30,25885.4,25893.55,25866.7,25886.25,0,0
2025-11-14 15:05:00+05:30,25887.55,25902.7,25887.55,25898.2,0,0
2025-11-14 15:06:00+05:30,25899.15,25911.05,25899.15,25908.65,0,0
2025-11-14 15:07:00+05:30,25909.25,25921.9,25909.25,25919.9,0,0
2025-11-14 15:08:00+05:30,25921.3,25927.45,25914.65,25926.4,0,0
2025-11-14 15:09:00+05:30,25927.0,25937.45,25927.0,25936.35,0,0
2025-11-14 15:10:00+05:30,25937.45,25940.2,25929.85,25933.05,0,0
2025-11-14 15:11:00+05:30,25934.0,25937.85,25907.15,25913.4,0,0
2025-11-14 15:12:00+05:30,25913.2,25927.15,25913.2,25917.8,0,0
2025-11-14 15:13:00+05:30,25919.35,25931.4,25919.35,25929.4,0,0
2025-11-14 15:14:00+05:30,25929.8,25931.9,25925.9,25930.2,0,0
2025-11-14 15:15:00+05:30,25930.95,25935.25,25923.25,25925.6,0,0
2025-11-14 15:16:00+05:30,25927.25,25930.8,25921.35,25925.2,0,0
2025-11-14 15:17:00+05:30,25925.15,25927.7,25919.9,25921.45,0,0
2025-11-14 15:18:00+05:30,25922.15,25925.25,25919.4,25922.5,0,0
2025-11-14 15:19:00+05:30,25922.8,25925.2,25913.65,25918.15,0,0
2025-11-14 15:20:00+05:30,25917.25,25925.45,25917.25,25923.75,0,0
2025-11-14 15:21:00+05:30,25924.9,25929.45,25920.8,25924.65,0,0
2025-11-14 15:22:00+05:30,25925.8,25930.6,25923.35,25930.45,0,0
2025-11-14 15:23:00+05:30,25930.95,25933.5,25926.2,25933.15,0,0
2025-11-14 15:24:00+05:30,25933.55,25935.55,25929.35,25931.6,0,0
2025-11-14 15:25:00+05:30,25930.75,25934.7,25927.3,25930.75,0,0
2025-11-14 15:26:00+05:30,25931.15,25933.4,25926.2,25930.85,0,0
2025-11-14 15:27:00+05:30,25931.95,25936.8,25928.35,25930.15,0,0
2025-11-14 15:28:00+05:30,25928.8,25930.3,25906.3,25910.25,0,0
2025-11-14 15:29:00+05:30,25915.6,25929.85,25908.45,25916.8,0,0
2025-11-17 09:15:00+05:30,25948.2,25958.65,25912.0,25920.25,0,0
2025-11-17 09:16:00+05:30,25921.6,25924.5,25906.35,25924.25,0,0
2025-11-17 09:17:00+05:30,25924.55,25934.1,25909.75,25934.1,0,0
2025-11-17 09:18:00+05:30,25933.9,25935.4,25925.6,25928.85,0,0
2025-11-17 09:19:00+05:30,25927.8,25952.05,25924.05,25951.05,0,0
2025-11-17 09:20:00+05:30,25952.45,25963.5,25949.85,25961.75,0,0
2025-11-17 09:21:00+05:30,25962.05,25966.75,25956.8,25958.0,0,0
2025-11-17 09:22:00+05:30,25958.9,25961.8,25952.9,25958.05,0,0
2025-11-17 09:23:00+05:30,25957.8,25962.75,25956.75,25959.25,0,0
2025-11-17 09:24:00+05:30,25960.4,25960.7,25942.8,25944.0,0,0
2025-11-17 09:25:00+05:30,25944.0,25956.6,25942.65,25954.25,0,0
2025-11-17 09:26:00+05:30,25953.35,25964.2,25946.45,25964.2,0,0
2025-11-17 09:27:00+05:30,25965.15,25971.7,25964.3,25969.25,0,0
2025-11-17 09:28:00+05:30,25969.0,25975.1,25967.6,25974.65,0,0
2025-11-17 09:29:00+05:30,25974.35,25975.65,25964.45,25964.55,0,0
2025-11-17 09:30:00+05:30,25966.45,25978.65,25966.45,25977.35,0,0
2025-11-17 09:31:00+05:30,25976.2,25978.95,25973.6,25975.15,0,0
2025-11-17 09:32:00+05:30,25975.3,25978.15,25971.9,25974.4,0,0
2025-11-17 09:33:00+05:30,25973.95,25977.85,25972.1,25974.7,0,0
2025-11-17 09:34:00+05:30,25974.4,25975.9,25960.65,25960.65,0,0
2025-11-17 09:35:00+05:30,25960.6,25967.2,25960.25,25963.0,0,0
2025-11-17 09:36:00+05:30,25962.65,25965.9,25961.95,25965.9,0,0
2025-11-17 09:37:00+05:30,25965.75,25971.3,25964.4,25970.35,0,0
2025-11-17 09:38:00+05:30,25969.35,25973.0,25963.4,25970.15,0,0
2025-11-17 09:39:00+05:30,25969.85,25971.6,25958.55,25961.15,0,0
2025-11-17 09:40:00+05:30,25961.35,25964.9,25958.05,25959.75,0,0
2025-11-17 09:41:00+05:30,25960.0,25973.45,25959.1,25972.6,0,0
2025-11-17 09:42:00+05:30,25972.1,25974.75,25961.85,25962.6,0,0
2025-11-17 09:43:00+05:30,25961.85,25969.75,25960.6,25969.35,0,0
2025-11-17 09:44:00+05:30,25968.15,25972.55,25965.5,25971.4,0,0
2025-11-17 09:45:00+05:30,25971.4,25972.2,25965.2,25965.5,0,0
2025-11-17 09:46:00+05:30,25965.65,25972.9,25964.5,25965.55,0,0
2025-11-17 09:47:00+05:30,25965.45,25965.7,25955.9,25955.9,0,0
2025-11-17 09:48:00+05:30,25955.1,25955.1,25949.0,25949.9,0,0
2025-11-17 09:49:00+05:30,25950.35,25963.15,25949.5,25962.45,0,0
2025-11-17 09:50:00+05:30,25963.05,25967.65,25962.45,25965.85,0,0
2025-11-17 09:51:00+05:30,25965.5,25966.45,25959.75,25960.85,0,0
2025-11-17 09:52:00+05:30,25962.0,25963.3,25958.05,25958.55,0,0
2025-11-17 09:53:00+05:30,25958.65,25968.75,25958.35,25966.0,0,0
2025-11-17 09:54:00+05:30,25966.85,25967.25,25963.85,25964.75,0,0
2025-11-17 09:55:00+05:30,25965.4,25971.5,25964.75,25970.15,0,0
2025-11-17 09:56:00+05:30,25970.4,25974.85,25969.4,25974.25,0,0
2025-11-17 09:57:00+05:30,25974.05,25979.8,25974.05,25978.1,0,0
2025-11-17 09:58:00+05:30,25979.2,25979.3,25969.25,25971.45,0,0
2025-11-17 09:59:00+05:30,25970.4,25971.0,25965.2,25965.2,0,0
2025-11-17 10:00:00+05:30,25966.0,25969.3,25964.7,25966.85,0,0
2025-11-17 10:01:00+05:30,25967.1,25969.55,25966.1,25968.3,0,0
2025-11-17 10:02:00+05:30,25967.35,25969.6,25958.35,25959.15,0,0
2025-11-17 10:03:00+05:30,25958.75,25959.85,25950.6,25950.6,0,0
2025-11-17 10:04:00+05:30,25952.35,25958.9,25949.4,25954.1,0,0
2025-11-17 10:05:00+05:30,25954.15,25962.4,25953.35,25958.5,0,0
2025-11-17 10:06:00+05:30,25958.1,25960.0,25955.1,25957.45,0,0
2025-11-17 10:07:00+05:30,25957.5,25958.35,25949.1,25951.3,0,0
2025-11-17 10:08:00+05:30,25951.25,25952.4,25949.55,25951.15,0,0
2025-11-17 10:09:00+05:30,25950.45,25953.25,25947.2,25948.7,0,0
2025-11-17 10:10:00+05:30,25948.95,25950.55,25946.65,25947.5,0,0
2025-11-17 10:11:00+05:30,25947.9,25950.25,25944.3,25949.95,0,0
2025-11-17 10:12:00+05:30,25949.5,25951.95,25947.45,25949.25,0,0
2025-11-17 10:13:00+05:30,25948.8,25951.15,25947.0,25947.0,0,0
2025-11-17 10:14:00+05:30,25947.8,25949.35,25945.05,25949.3,0,0
2025-11-17 10:15:00+05:30,25949.45,25954.85,25948.5,25953.95,0,0
2025-11-17 10:16:00+05:30,25954.35,25954.45,25947.6,25951.15,0,0
2025-11-17 10:17:00+05:30,25951.15,25956.0,25948.85,25954.6,0,0
2025-11-17 10:18:00+05:30,25954.65,25962.1,25953.75,25961.85,0,0
2025-11-17 10:19:00+05:30,25962.45,25965.15,25961.6,25963.9,0,0
2025-11-17 10:20:00+05:30,25965.0,25967.4,25963.75,25966.0,0,0
2025-11-17 10:21:00+05:30,25965.45,25967.55,25964.45,25966.15,0,0
2025-11-17 10:22:00+05:30,25966.9,25970.4,25965.45,25970.4,0,0
2025-11-17 10:23:00+05:30,25970.25,25971.35,25965.85,25967.85,0,0
2025-11-17 10:24:00+05:30,25968.5,25969.0,25964.85,25967.2,0,0
2025-11-17 10:25:00+05:30,25965.95,25966.35,25961.15,25965.1,0,0
2025-11-17 10:26:00+05:30,25964.2,25966.95,25960.15,25960.95,0,0
2025-11-17 10:27:00+05:30,25961.75,25962.15,25943.15,25944.35,0,0
2025-11-17 10:28:00+05:30,25944.9,25944.9,25936.9,25936.9,0,0
2025-11-17 10:29:00+05:30,25938.0,25941.35,25935.75,25939.35,0,0
2025-11-17 10:30:00+05:30,25939.95,25941.5,25938.5,25941.25,0,0
2025-11-17 10:31:00+05:30,25941.65,25945.8,25939.65,25940.5,0,0
2025-11-17 10:32:00+05:30,25940.7,25947.25,25939.5,25945.75,0,0
2025-11-17 10:33:00+05:30,25946.3,25948.85,25944.65,25948.25,0,0
2025-11-17 10:34:00+05:30,25948.6,25949.1,25945.95,25947.55,0,0
2025-11-17 10:35:00+05:30,25948.1,25948.45,25945.7,25947.8,0,0
2025-11-17 10:36:00+05:30,25947.9,25948.5,25945.1,25947.9,0,0
2025-11-17 10:37:00+05:30,25948.4,25950.55,25946.7,25950.3,0,0
2025-11-17 10:38:00+05:30,25950.1,25950.9,25933.65,25934.0,0,0
2025-11-17 10:39:00+05:30,25933.55,25937.1,25930.95,25933.8,0,0
2025-11-17 10:40:00+05:30,25934.95,25937.0,25926.3,25926.75,0,0
2025-11-17 10:41:00+05:30,25926.75,25928.35,25924.75,25926.45,0,0
2025-11-17 10:42:00+05:30,25926.75,25930.35,25926.75,25929.75,0,0
2025-11-17 10:43:00+05:30,25929.65,25933.95,25928.1,25933.2,0,0
2025-11-17 10:44:00+05:30,25932.6,25936.9,25932.6,25936.0,0,0
2025-11-17 10:45:00+05:30,25936.05,25938.9,25934.65,25936.35,0,0
2025-11-17 10:46:00+05:30,25936.35,25937.65,25933.3,25936.2,0,0
2025-11-17 10:47:00+05:30,25936.15,25942.3,25936.15,25942.3,0,0
2025-11-17 10:48:00+05:30,25942.25,25944.4,25940.85,25941.65,0,0
2025-11-17 10:49:00+05:30,25941.4,25943.55,25938.5,25940.25,0,0
2025-11-17 10:50:00+05:30,25939.8,25939.95,25933.5,25934.95,0,0
2025-11-17 10:51:00+05:30,25935.55,25936.2,25931.6,25933.85,0,0
2025-11-17 10:52:00+05:30,25934.35,25934.6,25929.3,25933.75,0,0
2025-11-17 10:53:00+05:30,25933.75,25936.1,25931.7,25932.25,0,0
2025-11-17 10:54:00+05:30,25931.8,25937.7,25931.8,25936.25,0,0
2025-11-17 10:55:00+05:30,25936.4,25940.75,25935.9,25940.0,0,0
2025-11-17 10:56:00+05:30,25940.0,25945.6,25938.5,25945.15,0,0
2025-11-17 10:57:00+05:30,25944.5,25945.6,25940.45,25943.3,0,0
2025-11-17 10:58:00+05:30,25943.75,25944.5,25939.45,25940.0,0,0
2025-11-17 10:59:00+05:30,25940.35,25944.8,25939.85,25943.2,0,0
2025-11-17 11:00:00+05:30,25942.45,25949.85,25942.45,25948.7,0,0
2025-11-17 11:01:00+05:30,25949.05,25953.45,25947.6,25950.4,0,0
2025-11-17 11:02:00+05:30,25950.45,25950.8,25945.25,25947.6,0,0
2025-11-17 11:03:00+05:30,25948.65,25954.0,25947.6,25952.5,0,0
2025-11-17 11:04:00+05:30,25952.1,25954.2,25947.95,25948.65,0,0
2025-11-17 11:05:00+05:30,25948.95,25949.4,25942.0,25944.2,0,0
2025-11-17 11:06:00+05:30,25944.35,25944.35,25934.95,25936.15,0,0
2025-11-17 11:07:00+05:30,25936.1,25939.65,25935.2,25937.1,0,0
2025-11-17 11:08:00+05:30,25936.5,25946.1,25935.4,25945.55,0,0
2025-11-17 11:09:00+05:30,25945.9,25948.95,25945.45,25948.7,0,0
2025-11-17 11:10:00+05:30,25949.05,25949.05,25942.75,25945.95,0,0
2025-11-17 11:11:00+05:30,25946.35,25948.75,25943.75,25944.55,0,0
2025-11-17 11:12:00+05:30,25944.55,25946.7,25943.1,25944.05,0,0
2025-11-17 11:13:00+05:30,25945.35,25946.8,25943.45,25945.25,0,0
2025-11-17 11:14:00+05:30,25945.45,25948.25,25944.2,25946.2,0,0
2025-11-17 11:15:00+05:30,25946.8,25950.55,25945.8,25947.85,0,0
2025-11-17 11:16:00+05:30,25946.95,25949.1,25945.5,25945.9,0,0
2025-11-17 11:17:00+05:30,25946.1,25947.55,25943.15,25944.1,0,0
2025-11-17 11:18:00+05:30,25944.2,25945.5,25942.7,25943.9,0,0
2025-11-17 11:19:00+05:30,25944.45,25944.9,25939.55,25939.55,0,0
2025-11-17 11:20:00+05:30,25939.9,25941.05,25937.0,25938.6,0,0
2025-11-17 11:21:00+05:30,25938.75,25939.05,25929.25,25932.95,0,0
2025-11-17 11:22:00+05:30,25932.05,25936.7,25931.6,25932.2,0,0
2025-11-17 11:23:00+05:30,25932.45,25940.1,25931.3,25939.95,0,0
2025-11-17 11:24:00+05:30,25940.35,25941.5,25938.2,25941.35,0,0
2025-11-17 11:25:00+05:30,25941.25,25941.25,25937.05,25937.75,0,0
2025-11-17 11:26:00+05:30,25937.35,25938.55,25930.65,25930.65,0,0
2025-11-17 11:27:00+05:30,25932.5,25933.65,25928.75,25930.1,0,0
2025-11-17 11:28:00+05:30,25930.1,25930.1,25920.9,25923.05,0,0
2025-11-17 11:29:00+05:30,25922.7,25928.35,25921.45,25928.0,0,0
2025-11-17 11:30:00+05:30,25928.25,25929.85,25921.9,25922.05,0,0
2025-11-17 11:31:00+05:30,25922.4,25922.4,25915.1,25920.65,0,0
2025-11-17 11:32:00+05:30,25920.4,25930.1,25919.55,25928.4,0,0
2025-11-17 11:33:00+05:30,25928.4,25930.2,25926.5,25929.65,0,0
2025-11-17 11:34:00+05:30,25929.95,25934.15,25928.1,25933.1,0,0
2025-11-17 11:35:00+05:30,25933.75,25939.4,25932.3,25938.15,0,0
2025-11-17 11:36:00+05:30,25938.4,25939.15,25936.15,25938.15,0,0
2025-11-17 11:37:00+05:30,25938.3,25939.5,25936.35,25936.85,0,0
2025-11-17 11:38:00+05:30,25936.35,25936.35,25929.75,25931.0,0,0
2025-11-17 11:39:00+05:30,25931.5,25933.85,25929.3,25932.9,0,0
2025-11-17 11:40:00+05:30,25932.15,25934.55,25930.9,25934.55,0,0
2025-11-17 11:41:00+05:30,25934.6,25935.65,25931.4,25935.0,0,0
2025-11-17 11:42:00+05:30,25935.15,25936.45,25933.45,25934.35,0,0
2025-11-17 11:43:00+05:30,25933.3,25935.75,25930.05,25934.35,0,0
2025-11-17 11:44:00+05:30,25934.75,25943.35,25934.75,25943.15,0,0
2025-11-17 11:45:00+05:30,25943.5,25945.5,25941.05,25941.6,0,0
2025-11-17 11:46:00+05:30,25942.1,25942.1,25938.65,25939.25,0,0
2025-11-17 11:47:00+05:30,25940.1,25940.6,25934.85,25934.95,0,0
2025-11-17 11:48:00+05:30,25935.6,25941.5,25933.7,25941.05,0,0
2025-11-17 11:49:00+05:30,25941.6,25944.8,25940.15,25943.35,0,0
2025-11-17 11:50:00+05:30,25944.15,25948.2,25944.15,25947.15,0,0
2025-11-17 11:51:00+05:30,25948.05,25949.9,25947.3,25949.2,0,0
2025-11-17 11:52:00+05:30,25949.4,25953.35,25949.0,25952.8,0,0
2025-11-17 11:53:00+05:30,25953.25,25956.65,25952.1,25956.2,0,0
2025-11-17 11:54:00+05:30,25956.65,25957.05,25954.0,25956.0,0,0
2025-11-17 11:55:00+05:30,25955.7,25960.2,25954.9,25958.55,0,0
2025-11-17 11:56:00+05:30,25957.9,25961.5,25957.0,25961.5,0,0
2025-11-17 11:57:00+05:30,25961.95,25969.35,25961.0,25968.6,0,0
2025-11-17 11:58:00+05:30,25969.0,25971.0,25965.65,25966.85,0,0
2025-11-17 11:59:00+05:30,25967.15,25967.65,25963.65,25965.3,0,0
2025-11-17 12:00:00+05:30,25964.8,25968.65,25964.55,25966.05,0,0
2025-11-17 12:01:00+05:30,25966.35,25967.85,25964.7,25965.55,0,0
2025-11-17 12:02:00+05:30,25966.05,25966.25,25959.2,25961.6,0,0
2025-11-17 12:03:00+05:30,25962.45,25963.95,25955.85,25959.0,0,0
2025-11-17 12:04:00+05:30,25958.3,25958.95,25951.1,25954.55,0,0
2025-11-17 12:05:00+05:30,25953.65,25955.5,25949.25,25954.6,0,0
2025-11-17 12:06:00+05:30,25954.4,25964.75,25952.45,25963.35,0,0
2025-11-17 12:07:00+05:30,25963.65,25973.7,25963.25,25969.5,0,0
2025-11-17 12:08:00+05:30,25970.3,25972.95,25965.3,25967.95,0,0
2025-11-17 12:09:00+05:30,25968.35,25970.0,25964.5,25969.4,0,0
2025-11-17 12:10:00+05:30,25969.35,25973.65,25966.75,25973.3,0,0
2025-11-17 12:11:00+05:30,25973.8,25973.8,25968.6,25970.4,0,0
2025-11-17 12:12:00+05:30,25970.8,25971.35,25967.9,25969.7,0,0
2025-11-17 12:13:00+05:30,25969.7,25970.5,25967.8,25969.6,0,0
2025-11-17 12:14:00+05:30,25968.6,25969.65,25965.95,25967.65,0,0
2025-11-17 12:15:00+05:30,25968.5,25971.3,25967.4,25970.25,0,0
2025-11-17 12:16:00+05:30,25970.15,25973.85,25968.6,25972.15,0,0
2025-11-17 12:17:00+05:30,25971.85,25975.45,25971.0,25975.45,0,0
2025-11-17 12:18:00+05:30,25975.3,25976.65,25972.2,25973.35,0,0
2025-11-17 12:19:00+05:30,25973.1,25976.5,25972.0,25975.3,0,0
2025-11-17 12:20:00+05:30,25975.6,25976.7,25971.1,25971.1,0,0
2025-11-17 12:21:00+05:30,25971.45,25973.7,25969.55,25969.55,0,0
2025-11-17 12:22:00+05:30,25970.4,25972.35,25967.45,25969.7,0,0
2025-11-17 12:23:00+05:30,25971.45,25974.45,25969.5,25972.5,0,0
2025-11-17 12:24:00+05:30,25975.1,25976.15,25970.75,25972.7,0,0
2025-11-17 12:25:00+05:30,25972.5,25975.0,25968.8,25970.8,0,0
2025-11-17 12:26:00+05:30,25971.15,25971.95,25967.8,25970.35,0,0
2025-11-17 12:27:00+05:30,25969.9,25975.35,25969.3,25972.05,0,0
2025-11-17 12:28:00+05:30,25972.1,25973.6,25968.6,25970.6,0,0
2025-11-17 12:29:00+05:30,25970.4,25972.1,25966.95,25967.6,0,0
2025-11-17 12:30:00+05:30,25968.9,25970.65,25962.95,25963.25,0,0
2025-11-17 12:31:00+05:30,25963.15,25971.25,25962.7,25969.45,0,0
2025-11-17 12:32:00+05:30,25970.15,25972.6,25963.95,25967.7,0,0
2025-11-17 12:33:00+05:30,25967.8,25971.7,25965.95,25970.75,0,0
2025-11-17 12:34:00+05:30,25970.7,25978.85,25970.3,25978.35,0,0
2025-11-17 12:35:00+05:30,25977.45,25985.4,25976.9,25984.3,0,0
2025-11-17 12:36:00+05:30,25984.2,25988.0,25983.05,25987.15,0,0
2025-11-17 12:37:00+05:30,25987.1,25988.7,25982.95,25985.9,0,0
2025-11-17 12:38:00+05:30,25985.85,25987.75,25984.3,25986.45,0,0
2025-11-17 12:39:00+05:30,25986.5,25986.5,25981.0,25981.75,0,0
2025-11-17 12:40:00+05:30,25981.85,25986.4,25981.8,25984.55,0,0
2025-11-17 12:41:00+05:30,25985.35,25986.6,25983.55,25984.45,0,0
2025-11-17 12:42:00+05:30,25984.75,25989.75,25984.55,25988.85,0,0
2025-11-17 12:43:00+05:30,25988.4,25990.7,25987.3,25988.5,0,0
2025-11-17 12:44:00+05:30,25989.1,25989.1,25984.95,25987.2,0,0
2025-11-17 12:45:00+05:30,25986.85,25989.45,25985.5,25986.5,0,0
2025-11-17 12:46:00+05:30,25986.8,25988.05,25984.3,25986.35,0,0
2025-11-17 12:47:00+05:30,25986.6,25989.15,25986.15,25987.95,0,0
2025-11-17 12:48:00+05:30,25987.9,25995.9,25987.9,25991.25,0,0
2025-11-17 12:49:00+05:30,25992.1,25993.2,25988.45,25988.55,0,0
2025-11-17 12:50:00+05:30,25990.05,25992.1,25985.5,25986.2,0,0
2025-11-17 12:51:00+05:30,25986.7,25987.6,25982.5,25982.5,0,0
2025-11-17 12:52:00+05:30,25983.1,25987.85,25982.1,25982.7,0,0
2025-11-17 12:53:00+05:30,25982.05,25987.8,25979.3,25987.75,0,0
2025-11-17 12:54:00+05:30,25987.5,25995.45,25987.5,25993.8,0,0
2025-11-17 12:55:00+05:30,25992.2,25996.85,25991.15,25991.85,0,0
2025-11-17 12:56:00+05:30,25992.05,25994.25,25990.4,25993.1,0,0
2025-11-17 12:57:00+05:30,25994.15,25995.0,25989.85,25990.55,0,0
2025-11-17 12:58:00+05:30,25990.95,25993.45,25990.35,25992.7,0,0
2025-11-17 12:59:00+05:30,25992.45,25995.6,25991.25,25994.1,0,0
2025-11-17 13:00:00+05:30,25994.9,25996.9,25991.4,25993.35,0,0
2025-11-17 13:01:00+05:30,25993.55,25995.05,25990.65,25991.15,0,0
2025-11-17 13:02:00+05:30,25990.9,25992.05,25988.55,25988.55,0,0
2025-11-17 13:03:00+05:30,25988.2,25990.2,25986.7,25989.4,0,0
2025-11-17 13:04:00+05:30,25989.55,25990.95,25985.95,25987.1,0,0
2025-11-17 13:05:00+05:30,25987.2,25988.85,25984.35,25984.95,0,0
2025-11-17 13:06:00+05:30,25984.95,25986.5,25984.1,25986.0,0,0
2025-11-17 13:07:00+05:30,25985.65,25986.5,25977.55,25978.0,0,0
2025-11-17 13:08:00+05:30,25977.85,25978.25,25973.8,25974.45,0,0
2025-11-17 13:09:00+05:30,25974.05,25977.95,25972.8,25977.25,0,0
2025-11-17 13:10:00+05:30,25977.45,25981.9,25976.35,25979.3,0,0
2025-11-17 13:11:00+05:30,25979.3,25981.15,25977.65,25979.15,0,0
2025-11-17 13:12:00+05:30,25979.9,25983.5,25978.5,25979.9,0,0
2025-11-17 13:13:00+05:30,25979.5,25982.4,25976.95,25980.3,0,0
2025-11-17 13:14:00+05:30,25980.65,25984.45,25979.1,25980.95,0,0
2025-11-17 13:15:00+05:30,25980.35,25983.5,25977.8,25979.4,0,0
2025-11-17 13:16:00+05:30,25979.6,25982.8,25977.7,25978.6,0,0
2025-11-17 13:17:00+05:30,25978.9,25982.2,25978.9,25980.75,0,0
2025-11-17 13:18:00+05:30,25981.4,25983.1,25979.45,25981.5,0,0
2025-11-17 13:19:00+05:30,25980.85,25983.45,25978.0,25979.8,0,0
2025-11-17 13:20:00+05:30,25980.25,25983.0,25977.9,25980.1,0,0
2025-11-17 13:21:00+05:30,25980.1,25982.35,25978.7,25979.6,0,0
2025-11-17 13:22:00+05:30,25979.65,25981.65,25975.9,25975.9,0,0
2025-11-17 13:23:00+05:30,25976.05,25978.2,25972.3,25973.05,0,0
2025-11-17 13:24:00+05:30,25972.35,25974.6,25969.3,25972.8,0,0
2025-11-17 13:25:00+05:30,25973.1,25977.1,25972.2,25974.0,0,0
2025-11-17 13:26:00+05:30,25974.4,25977.2,25972.35,25975.25,0,0
2025-11-17 13:27:00+05:30,25974.8,25978.5,25974.45,25977.15,0,0
2025-11-17 13:28:00+05:30,25976.95,25981.05,25976.35,25980.15,0,0
2025-11-17 13:29:00+05:30,25979.9,25980.85,25974.9,25975.75,0,0
2025-11-17 13:30:00+05:30,25976.75,25979.15,25975.0,25975.9,0,0
2025-11-17 13:31:00+05:30,25975.7,25976.35,25965.65,25970.8,0,0
2025-11-17 13:32:00+05:30,25971.0,25973.7,25968.75,25968.85,0,0
2025-11-17 13:33:00+05:30,25969.1,25976.55,25969.0,25976.1,0,0
2025-11-17 13:34:00+05:30,25976.3,25980.8,25974.65,25979.7,0,0
2025-11-17 13:35:00+05:30,25979.95,25990.35,25979.95,25990.25,0,0
2025-11-17 13:36:00+05:30,25989.85,25994.4,25989.85,25993.0,0,0
2025-11-17 13:37:00+05:30,25993.1,25997.05,25991.75,25995.95,0,0
2025-11-17 13:38:00+05:30,25995.5,25996.75,25984.7,25985.15,0,0
2025-11-17 13:39:00+05:30,25985.35,25986.9,25982.55,25983.95,0,0
2025-11-17 13:40:00+05:30,25984.25,25986.4,25982.3,25983.4,0,0
2025-11-17 13:41:00+05:30,25983.05,25985.6,25981.8,25983.25,0,0
2025-11-17 13:42:00+05:30,25983.3,25986.4,25980.1,25985.55,0,0
2025-11-17 13:43:00+05:30,25985.85,25987.2,25983.55,25985.95,0,0
2025-11-17 13:44:00+05:30,25985.7,25997.7,25984.4,25993.5,0,0
2025-11-17 13:45:00+05:30,25993.7,25997.1,25992.4,25995.75,0,0
2025-11-17 13:46:00+05:30,25995.25,25998.85,25994.55,25996.45,0,0
2025-11-17 13:47:00+05:30,25995.75,26000.2,25994.0,25995.75,0,0
2025-11-17 13:48:00+05:30,25996.75,26000.6,25994.8,25996.9,0,0
2025-11-17 13:49:00+05:30,25997.2,25998.4,25994.7,25995.45,0,0
2025-11-17 13:50:00+05:30,25996.0,25999.85,25993.6,25999.15,0,0
2025-11-17 13:51:00+05:30,25999.35,26003.2,25997.85,25999.6,0,0
2025-11-17 13:52:00+05:30,25999.3,26002.1,25991.25,25992.45,0,0
2025-11-17 13:53:00+05:30,25994.15,25994.15,25987.85,25989.45,0,0
2025-11-17 13:54:00+05:30,25989.8,25994.3,25988.9,25994.3,0,0
2025-11-17 13:55:00+05:30,25994.25,25999.6,25994.0,25997.7,0,0
2025-11-17 13:56:00+05:30,25997.5,25998.15,25994.1,25994.1,0,0
2025-11-17 13:57:00+05:30,25995.3,25997.8,25994.85,25996.55,0,0
2025-11-17 13:58:00+05:30,25996.75,25997.5,25991.65,25993.1,0,0
2025-11-17 13:59:00+05:30,25993.1,25998.1,25992.1,25997.35,0,0
2025-11-17 14:00:00+05:30,25997.4,26004.7,25997.4,25999.6,0,0
2025-11-17 14:01:00+05:30,25999.7,26001.95,25997.1,25999.65,0,0
2025-11-17 14:02:00+05:30,25999.45,26008.25,25998.5,26008.25,0,0
2025-11-17 14:03:00+05:30,26008.1,26011.55,26006.25,26010.5,0,0
2025-11-17 14:04:00+05:30,26011.05,26019.4,26010.65,26018.25,0,0
2025-11-17 14:05:00+05:30,26018.3,26023.25,26011.15,26012.45,0,0
2025-11-17 14:06:00+05:30,26012.75,26015.05,26009.95,26011.85,0,0
2025-11-17 14:07:00+05:30,26011.5,26011.95,26008.7,26010.65,0,0
2025-11-17 14:08:00+05:30,26011.6,26013.95,26009.7,26012.2,0,0
2025-11-17 14:09:00+05:30,26013.05,26013.05,26010.1,26011.85,0,0
2025-11-17 14:10:00+05:30,26011.5,26014.6,26010.2,26011.35,0,0
2025-11-17 14:11:00+05:30,26012.2,26015.0,26010.15,26013.3,0,0
2025-11-17 14:12:00+05:30,26013.85,26014.95,26010.65,26012.95,0,0
2025-11-17 14:13:00+05:30,26012.65,26015.35,26011.5,26012.0,0,0
2025-11-17 14:14:00+05:30,26012.95,26014.1,26009.2,26010.5,0,0
2025-11-17 14:15:00+05:30,26011.2,26013.25,26006.5,26006.65,0,0
2025-11-17 14:16:00+05:30,26007.0,26011.35,26007.0,26008.95,0,0
2025-11-17 14:17:00+05:30,26008.35,26010.4,26002.8,26005.25,0,0
2025-11-17 14:18:00+05:30,26005.3,26005.3,25996.35,25996.65,0,0
2025-11-17 14:19:00+05:30,25996.85,25997.85,25982.75,25983.0,0,0
2025-11-17 14:20:00+05:30,25983.4,25985.95,25980.0,25985.05,0,0
2025-11-17 14:21:00+05:30,25985.85,25992.05,25985.85,25989.05,0,0
2025-11-17 14:22:00+05:30,25989.0,25995.15,25980.05,25993.75,0,0
2025-11-17 14:23:00+05:30,25993.65,25998.8,25993.65,25997.1,0,0
2025-11-17 14:24:00+05:30,25996.5,25997.7,25991.55,25991.55,0,0
2025-11-17 14:25:00+05:30,25992.6,25994.85,25991.7,25992.95,0,0
2025-11-17 14:26:00+05:30,25992.55,25995.65,25992.1,25994.2,0,0
2025-11-17 14:27:00+05:30,25995.3,26001.0,25993.95,26000.4,0,0
2025-11-17 14:28:00+05:30,26000.55,26002.1,25994.55,25994.9,0,0
2025-11-17 14:29:00+05:30,25995.4,25997.35,25991.0,25994.45,0,0
2025-11-17 14:30:00+05:30,25994.45,25997.1,25990.5,25990.5,0,0
2025-11-17 14:31:00+05:30,25991.55,25995.7,25990.1,25991.4,0,0
2025-11-17 14:32:00+05:30,25992.55,26002.35,25991.7,26000.05,0,0
2025-11-17 14:33:00+05:30,26001.1,26006.95,25999.7,26001.95,0,0
2025-11-17 14:34:00+05:30,26001.85,26006.55,26000.4,26002.35,0,0
2025-11-17 14:35:00+05:30,26001.8,26004.55,25994.65,25998.35,0,0
2025-11-17 14:36:00+05:30,25999.6,26002.15,25996.0,25998.25,0,0
2025-11-17 14:37:00+05:30,25998.7,26002.9,25997.2,26001.5,0,0
2025-11-17 14:38:00+05:30,26001.8,26002.95,25999.05,25999.15,0,0
2025-11-17 14:39:00+05:30,25999.6,26005.1,25999.6,26004.25,0,0
2025-11-17 14:40:00+05:30,26003.5,26008.6,26002.55,26002.95,0,0
2025-11-17 14:41:00+05:30,26002.8,26004.6,25999.65,26002.05,0,0
2025-11-17 14:42:00+05:30,26002.5,26004.9,26000.75,26003.8,0,0
2025-11-17 14:43:00+05:30,26003.8,26004.4,25997.9,25999.0,0,0
2025-11-17 14:44:00+05:30,25998.3,25999.1,25980.0,25981.15,0,0
2025-11-17 14:45:00+05:30,25981.4,25988.75,25979.0,25979.8,0,0
2025-11-17 14:46:00+05:30,25979.85,25982.95,25977.45,25977.45,0,0
2025-11-17 14:47:00+05:30,25978.35,25988.65,25977.2,25988.1,0,0
2025-11-17 14:48:00+05:30,25988.9,25992.9,25988.1,25988.5,0,0
2025-11-17 14:49:00+05:30,25989.35,25993.0,25987.65,25993.0,0,0
2025-11-17 14:50:00+05:30,25991.7,25993.5,25987.6,25987.95,0,0
2025-11-17 14:51:00+05:30,25988.85,25992.0,25988.4,25990.1,0,0
2025-11-17 14:52:00+05:30,25990.8,25993.3,25989.55,25991.1,0,0
2025-11-17 14:53:00+05:30,25990.8,25994.0,25990.65,25991.7,0,0
2025-11-17 14:54:00+05:30,25991.85,25992.4,25988.35,25991.3,0,0
2025-11-17 14:55:00+05:30,25990.75,25993.5,25990.05,25992.3,0,0
2025-11-17 14:56:00+05:30,25992.0,25995.95,25990.8,25995.4,0,0
2025-11-17 14:57:00+05:30,25995.8,25998.85,25992.4,25995.4,0,0
2025-11-17 14:58:00+05:30,25995.75,25997.7,25992.85,25993.9,0,0
2025-11-17 14:59:00+05:30,25994.55,25995.3,25992.15,25993.95,0,0
2025-11-17 15:00:00+05:30,25996.5,26006.95,25990.0,26005.35,0,0
2025-11-17 15:01:00+05:30,26006.6,26011.75,26005.3,26009.15,0,0
2025-11-17 15:02:00+05:30,26009.9,26013.15,26008.9,26011.65,0,0
2025-11-17 15:03:00+05:30,26012.6,26012.75,26010.2,26011.4,0,0
2025-11-17 15:04:00+05:30,26011.95,26012.0,26009.8,26010.05,0,0
2025-11-17 15:05:00+05:30,26010.7,26010.95,26005.5,26006.1,0,0
2025-11-17 15:06:00+05:30,26006.65,26007.35,26005.1,26006.65,0,0
2025-11-17 15:07:00+05:30,26007.5,26009.8,26006.2,26008.95,0,0
2025-11-17 15:08:00+05:30,26009.9,26010.95,26007.8,26009.75,0,0
2025-11-17 15:09:00+05:30,26010.55,26013.1,26009.45,26012.7,0,0
2025-11-17 15:10:00+05:30,26013.75,26014.5,26011.15,26012.4,0,0
2025-11-17 15:11:00+05:30,26013.55,26014.4,26012.6,26014.2,0,0
2025-11-17 15:12:00+05:30,26014.5,26014.7,26012.75,26013.25,0,0
2025-11-17 15:13:00+05:30,26013.55,26014.95,26012.2,26013.35,0,0
2025-11-17 15:14:00+05:30,26013.95,26014.95,26011.75,26012.4,0,0
2025-11-17 15:15:00+05:30,26013.15,26013.55,26009.7,26010.65,0,0
2025-11-17 15:16:00+05:30,26011.75,26012.95,26009.8,26011.4,0,0
2025-11-17 15:17:00+05:30,26012.5,26013.45,26009.35,26013.45,0,0
2025-11-17 15:18:00+05:30,26014.0,26017.35,26013.1,26015.55,0,0
2025-11-17 15:19:00+05:30,26017.0,26019.5,26015.55,26016.05,0,0
2025-11-17 15:20:00+05:30,26017.85,26020.2,26015.6,26016.95,0,0
2025-11-17 15:21:00+05:30,26017.45,26018.25,26014.4,26016.05,0,0
2025-11-17 15:22:00+05:30,26017.1,26017.1,26013.7,26015.0,0,0
2025-11-17 15:23:00+05:30,26015.75,26017.5,26014.4,26015.45,0,0
2025-11-17 15:24:00+05:30,26016.75,26017.25,26013.1,26014.3,0,0
2025-11-17 15:25:00+05:30,26014.85,26016.1,26013.1,26014.9,0,0
2025-11-17 15:26:00+05:30,26015.3,26024.2,26014.0,26020.95,0,0
2025-11-17 15:27:00+05:30,26019.45,26021.2,26017.15,26018.6,0,0
2025-11-17 15:28:00+05:30,26017.05,26023.05,26012.1,26012.1,0,0
2025-11-17 15:29:00+05:30,26012.8,26022.2,26009.4,26014.3,0,0
2025-11-18 09:15:00+05:30,26021.8,26029.85,25940.55,25945.45,0,0
2025-11-18 09:16:00+05:30,25942.1,25942.8,25930.15,25942.7,0,0
2025-11-18 09:17:00+05:30,25942.6,25958.1,25942.6,25951.85,0,0
2025-11-18 09:18:00+05:30,25953.25,25954.6,25948.25,25951.45,0,0
2025-11-18 09:19:00+05:30,25949.85,25953.85,25939.15,25947.35,0,0
2025-11-18 09:20:00+05:30,25946.1,25951.15,25940.2,25951.15,0,0
2025-11-18 09:21:00+05:30,25951.05,25956.25,25947.3,25949.15,0,0
2025-11-18 09:22:00+05:30,25948.75,25959.7,25948.5,25959.3,0,0
2025-11-18 09:23:00+05:30,25958.15,25960.35,25954.1,25957.3,0,0
2025-11-18 09:24:00+05:30,25957.55,25959.45,25953.3,25959.25,0,0
2025-11-18 09:25:00+05:30,25959.15,25963.45,25954.0,25961.7,0,0
2025-11-18 09:26:00+05:30,25962.15,25970.75,25962.15,25969.7,0,0
2025-11-18 09:27:00+05:30,25969.25,25971.65,25959.1,25959.1,0,0
2025-11-18 09:28:00+05:30,25960.35,25967.45,25959.25,25962.7,0,0
2025-11-18 09:29:00+05:30,25963.8,25969.1,25962.75,25963.0,0,0
2025-11-18 09:30:00+05:30,25963.2,25964.05,25951.6,25951.75,0,0
2025-11-18 09:31:00+05:30,25952.0,25962.6,25952.0,25960.0,0,0
2025-11-18 09:32:00+05:30,25959.7,25970.35,25959.2,25966.75,0,0
2025-11-18 09:33:00+05:30,25966.8,25971.75,25966.65,25967.35,0,0
2025-11-18 09:34:00+05:30,25967.6,25968.3,25961.75,25963.55,0,0
2025-11-18 09:35:00+05:30,25963.05,25963.95,25958.35,25958.35,0,0
2025-11-18 09:36:00+05:30,25957.45,25957.8,25952.1,25954.2,0,0
2025-11-18 09:37:00+05:30,25955.0,25955.0,25949.35,25950.15,0,0
2025-11-18 09:38:00+05:30,25950.0,25952.25,25948.75,25949.3,0,0
2025-11-18 09:39:00+05:30,25949.55,25951.05,25943.3,25943.3,0,0
2025-11-18 09:40:00+05:30,25942.1,25945.0,25938.95,25944.5,0,0
2025-11-18 09:41:00+05:30,25943.4,25954.85,25941.85,25951.95,0,0
2025-11-18 09:42:00+05:30,25951.95,25952.05,25945.05,25946.05,0,0
2025-11-18 09:43:00+05:30,25946.0,25952.35,25943.95,25952.35,0,0
2025-11-18 09:44:00+05:30,25951.6,25954.45,25950.6,25952.05,0,0
2025-11-18 09:45:00+05:30,25949.15,25953.9,25949.15,25953.9,0,0
2025-11-18 09:46:00+05:30,25954.1,25956.2,25950.95,25952.35,0,0
2025-11-18 09:47:00+05:30,25952.0,25959.05,25951.8,25952.75,0,0
2025-11-18 09:48:00+05:30,25952.7,25954.95,25940.2,25941.25,0,0
2025-11-18 09:49:00+05:30,25941.5,25941.8,25927.2,25927.45,0,0
2025-11-18 09:50:00+05:30,25926.55,25926.55,25917.2,25918.1,0,0
2025-11-18 09:51:00+05:30,25918.25,25919.25,25914.7,25917.0,0,0
2025-11-18 09:52:00+05:30,25916.35,25923.45,25916.35,25918.8,0,0
2025-11-18 09:53:00+05:30,25918.3,25918.95,25912.3,25914.3,0,0
2025-11-18 09:54:00+05:30,25913.0,25917.25,25911.8,25916.45,0,0
2025-11-18 09:55:00+05:30,25916.25,25917.8,25912.55,25914.25,0,0
2025-11-18 09:56:00+05:30,25915.3,25915.5,25909.95,25911.25,0,0
2025-11-18 09:57:00+05:30,25911.45,25912.95,25908.85,25909.55,0,0
2025-11-18 09:58:00+05:30,25909.0,25911.95,25906.9,25907.6,0,0
2025-11-18 09:59:00+05:30,25907.0,25909.7,25895.8,25896.2,0,0
2025-11-18 10:00:00+05:30,25895.85,25896.3,25881.9,25892.75,0,0
2025-11-18 10:01:00+05:30,25892.6,25898.55,25891.45,25898.35,0,0
2025-11-18 10:02:00+05:30,25897.85,25904.35,25897.85,25900.05,0,0
2025-11-18 10:03:00+05:30,25899.25,25905.55,25899.25,25904.15,0,0
2025-11-18 10:04:00+05:30,25905.35,25912.1,25905.35,25908.95,0,0
2025-11-18 10:05:00+05:30,25910.9,25912.85,25908.1,25911.4,0,0
2025-11-18 10:06:00+05:30,25912.0,25914.6,25910.7,25910.85,0,0
2025-11-18 10:07:00+05:30,25910.6,25910.6,25901.0,25901.45,0,0
2025-11-18 10:08:00+05:30,25901.6,25902.75,25898.8,25899.75,0,0
2025-11-18 10:09:00+05:30,25899.15,25903.6,25897.15,25902.85,0,0
2025-11-18 10:10:00+05:30,25903.3,25903.7,25899.25,25901.25,0,0
2025-11-18 10:11:00+05:30,25901.0,25902.8,25899.9,25901.55,0,0
2025-11-18 10:12:00+05:30,25901.85,25902.4,25897.6,25898.35,0,0
2025-11-18 10:13:00+05:30,25897.8,25898.75,25894.85,25895.75,0,0
2025-11-18 10:14:00+05:30,25896.0,25897.35,25894.7,25895.85,0,0
2025-11-18 10:15:00+05:30,25895.25,25897.2,25893.45,25894.85,0,0
2025-11-18 10:16:00+05:30,25895.5,25898.2,25894.75,25897.25,0,0
2025-11-18 10:17:00+05:30,25897.3,25900.15,25895.9,25899.05,0,0
2025-11-18 10:18:00+05:30,25899.5,25902.3,25896.95,25901.25,0,0
2025-11-18 10:19:00+05:30,25901.0,25909.8,25901.0,25908.15,0,0
2025-11-18 10:20:00+05:30,25908.7,25916.15,25908.7,25915.2,0,0
2025-11-18 10:21:00+05:30,25915.15,25916.55,25913.2,25913.2,0,0
2025-11-18 10:22:00+05:30,25913.05,25913.3,25910.55,25911.5,0,0
2025-11-18 10:23:00+05:30,25910.9,25917.65,25908.9,25915.5,0,0
2025-11-18 10:24:00+05:30,25915.55,25917.6,25911.2,25912.9,0,0
2025-11-18 10:25:00+05:30,25913.2,25915.4,25911.45,25914.05,0,0
2025-11-18 10:26:00+05:30,25913.95,25916.9,25911.5,25912.0,0,0
2025-11-18 10:27:00+05:30,25912.55,25913.0,25907.25,25907.25,0,0
2025-11-18 10:28:00+05:30,25907.4,25908.3,25904.95,25905.1,0,0
2025-11-18 10:29:00+05:30,25905.05,25905.8,25898.5,25898.8,0,0
2025-11-18 10:30:00+05:30,25898.7,25902.85,25898.7,25900.9,0,0
2025-11-18 10:31:00+05:30,25900.55,25900.55,25896.6,25897.95,0,0
2025-11-18 10:32:00+05:30,25898.55,25898.55,25887.4,25887.4,0,0
2025-11-18 10:33:00+05:30,25887.6,25888.85,25882.9,25884.55,0,0
2025-11-18 10:34:00+05:30,25884.5,25886.85,25883.3,25884.0,0,0
2025-11-18 10:35:00+05:30,25884.35,25885.2,25877.5,25878.85,0,0
2025-11-18 10:36:00+05:30,25879.6,25886.0,25877.1,25886.0,0,0
2025-11-18 10:37:00+05:30,25885.55,25886.25,25881.15,25881.65,0,0
2025-11-18 10:38:00+05:30,25882.0,25888.75,25881.55,25888.0,0,0
2025-11-18 10:39:00+05:30,25888.15,25890.95,25884.1,25890.55,0,0
2025-11-18 10:40:00+05:30,25890.4,25894.2,25889.3,25893.35,0,0
2025-11-18 10:41:00+05:30,25891.75,25894.85,25891.5,25894.25,0,0
2025-11-18 10:42:00+05:30,25893.55,25893.75,25888.35,25888.65,0,0
2025-11-18 10:43:00+05:30,25888.1,25891.4,25886.6,25889.95,0,0
2025-11-18 10:44:00+05:30,25889.7,25893.25,25888.45,25891.8,0,0
2025-11-18 10:45:00+05:30,25891.95,25893.25,25886.65,25889.45,0,0
2025-11-18 10:46:00+05:30,25889.65,25893.65,25889.15,25892.7,0,0
2025-11-18 10:47:00+05:30,25893.05,25901.25,25892.65,25900.05,0,0
2025-11-18 10:48:00+05:30,25899.95,25908.25,25899.9,25907.25,0,0
2025-11-18 10:49:00+05:30,25907.7,25914.75,25905.8,25914.45,0,0
2025-11-18 10:50:00+05:30,25915.1,25918.25,25913.85,25916.55,0,0
2025-11-18 10:51:00+05:30,25915.95,25916.0,25909.95,25911.7,0,0
2025-11-18 10:52:00+05:30,25911.45,25912.75,25909.65,25910.15,0,0
2025-11-18 10:53:00+05:30,25910.65,25911.1,25905.3,25908.75,0,0
2025-11-18 10:54:00+05:30,25909.75,25912.15,25905.6,25909.05,0,0
2025-11-18 10:55:00+05:30,25908.75,25915.35,25907.35,25915.35,0,0
2025-11-18 10:56:00+05:30,25915.5,25924.35,25912.65,25924.35,0,0
2025-11-18 10:57:00+05:30,25924.55,25930.85,25924.5,25925.6,0,0
2025-11-18 10:58:00+05:30,25925.3,25926.8,25923.8,25924.8,0,0
2025-11-18 10:59:00+05:30,25924.6,25924.6,25919.2,25921.9,0,0
2025-11-18 11:00:00+05:30,25922.55,25933.9,25921.55,25932.0,0,0
2025-11-18 11:01:00+05:30,25931.4,25934.1,25930.55,25932.75,0,0
2025-11-18 11:02:00+05:30,25933.6,25936.2,25931.6,25932.65,0,0
2025-11-18 11:03:00+05:30,25932.75,25933.0,25927.9,25929.2,0,0
2025-11-18 11:04:00+05:30,25929.65,25929.65,25925.65,25927.95,0,0
2025-11-18 11:05:00+05:30,25927.45,25927.7,25924.4,25925.8,0,0
2025-11-18 11:06:00+05:30,25926.15,25927.45,25923.45,25925.6,0,0
2025-11-18 11:07:00+05:30,25925.7,25927.3,25923.6,25926.6,0,0
2025-11-18 11:08:00+05:30,25926.6,25929.45,25925.15,25928.5,0,0
2025-11-18 11:09:00+05:30,25929.6,25932.25,25928.9,25930.55,0,0
2025-11-18 11:10:00+05:30,25930.9,25933.05,25929.65,25932.85,0,0
2025-11-18 11:11:00+05:30,25933.1,25935.3,25932.2,25932.35,0,0
2025-11-18 11:12:00+05:30,25932.75,25933.25,25929.0,25931.8,0,0
2025-11-18 11:13:00+05:30,25931.85,25934.9,25931.65,25934.2,0,0
2025-11-18 11:14:00+05:30,25933.95,25934.15,25931.55,25933.9,0,0
2025-11-18 11:15:00+05:30,25932.6,25937.3,25931.35,25935.85,0,0
2025-11-18 11:16:00+05:30,25937.0,25938.2,25935.15,25937.3,0,0
2025-11-18 11:17:00+05:30,25937.1,25938.2,25935.1,25938.1,0,0
2025-11-18 11:18:00+05:30,25938.2,25942.8,25937.2,25942.8,0,0
2025-11-18 11:19:00+05:30,25943.1,25946.1,25942.25,25945.2,0,0
2025-11-18 11:20:00+05:30,25946.05,25947.3,25943.25,25943.75,0,0
2025-11-18 11:21:00+05:30,25943.75,25947.2,25943.55,25945.2,0,0
2025-11-18 11:22:00+05:30,25945.15,25948.7,25944.45,25948.7,0,0
2025-11-18 11:23:00+05:30,25948.3,25949.4,25947.2,25947.4,0,0
2025-11-18 11:24:00+05:30,25948.1,25948.1,25942.95,25943.2,0,0
2025-11-18 11:25:00+05:30,25943.4,25945.5,25941.8,25943.0,0,0
2025-11-18 11:26:00+05:30,25943.65,25944.25,25941.0,25942.65,0,0
2025-11-18 11:27:00+05:30,25942.35,25943.55,25937.95,25938.2,0,0
2025-11-18 11:28:00+05:30,25937.85,25938.35,25933.0,25933.75,0,0
2025-11-18 11:29:00+05:30,25933.75,25934.2,25924.85,25924.85,0,0
2025-11-18 11:30:00+05:30,25925.0,25927.2,25924.2,25925.5,0,0
2025-11-18 11:31:00+05:30,25926.0,25930.9,25924.6,25930.5,0,0
2025-11-18 11:32:00+05:30,25930.7,25935.6,25928.8,25935.6,0,0
2025-11-18 11:33:00+05:30,25935.7,25939.75,25935.2,25939.4,0,0
2025-11-18 11:34:00+05:30,25939.85,25939.85,25936.1,25938.25,0,0
2025-11-18 11:35:00+05:30,25938.35,25940.7,25937.05,25940.7,0,0
2025-11-18 11:36:00+05:30,25940.45,25943.25,25939.45,25943.25,0,0
2025-11-18 11:37:00+05:30,25943.5,25944.75,25942.4,25944.65,0,0
2025-11-18 11:38:00+05:30,25943.7,25944.2,25941.4,25942.2,0,0
2025-11-18 11:39:00+05:30,25941.75,25944.8,25941.15,25943.85,0,0
2025-11-18 11:40:00+05:30,25944.15,25952.0,25944.15,25951.55,0,0
2025-11-18 11:41:00+05:30,25952.55,25955.45,25951.3,25954.2,0,0
2025-11-18 11:42:00+05:30,25954.05,25954.75,25950.45,25951.1,0,0
2025-11-18 11:43:00+05:30,25951.15,25954.1,25950.8,25954.1,0,0
2025-11-18 11:44:00+05:30,25954.3,25956.65,25953.9,25956.35,0,0
2025-11-18 11:45:00+05:30,25956.7,25959.25,25955.15,25958.75,0,0
2025-11-18 11:46:00+05:30,25958.6,25970.3,25956.55,25970.3,0,0
2025-11-18 11:47:00+05:30,25971.1,25977.35,25968.75,25969.95,0,0
2025-11-18 11:48:00+05:30,25970.25,25970.4,25965.9,25969.1,0,0
2025-11-18 11:49:00+05:30,25968.55,25973.1,25967.7,25972.85,0,0
2025-11-18 11:50:00+05:30,25972.85,25973.0,25965.4,25966.15,0,0
2025-11-18 11:51:00+05:30,25966.3,25966.85,25963.95,25964.85,0,0
2025-11-18 11:52:00+05:30,25965.5,25975.85,25963.65,25972.5,0,0
2025-11-18 11:53:00+05:30,25973.35,25973.4,25969.5,25972.95,0,0
2025-11-18 11:54:00+05:30,25974.25,25983.2,25972.05,25975.7,0,0
2025-11-18 11:55:00+05:30,25976.4,25977.3,25972.25,25973.05,0,0
2025-11-18 11:56:00+05:30,25972.8,25973.7,25968.9,25969.6,0,0
2025-11-18 11:57:00+05:30,25970.55,25972.1,25967.7,25971.9,0,0
2025-11-18 11:58:00+05:30,25971.8,25975.85,25970.8,25972.55,0,0
2025-11-18 11:59:00+05:30,25972.8,25975.3,25972.7,25974.65,0,0
2025-11-18 12:00:00+05:30,25974.3,25977.8,25974.25,25975.25,0,0
2025-11-18 12:01:00+05:30,25975.55,25976.25,25971.25,25971.5,0,0
2025-11-18 12:02:00+05:30,25972.0,25981.4,25970.6,25974.65,0,0
2025-11-18 12:03:00+05:30,25975.35,25976.25,25968.2,25969.6,0,0
2025-11-18 12:04:00+05:30,25969.9,25972.4,25968.85,25969.35,0,0
2025-11-18 12:05:00+05:30,25969.5,25969.9,25963.95,25965.0,0,0
2025-11-18 12:06:00+05:30,25966.85,25969.9,25965.95,25967.1,0,0
2025-11-18 12:07:00+05:30,25967.15,25967.75,25963.45,25963.9,0,0
2025-11-18 12:08:00+05:30,25964.05,25967.8,25963.1,25966.7,0,0
2025-11-18 12:09:00+05:30,25966.0,25968.75,25965.9,25967.7,0,0
2025-11-18 12:10:00+05:30,25968.65,25968.8,25965.8,25966.8,0,0
2025-11-18 12:11:00+05:30,25966.7,25968.6,25963.5,25964.05,0,0
2025-11-18 12:12:00+05:30,25964.6,25966.45,25963.4,25966.0,0,0
2025-11-18 12:13:00+05:30,25966.7,25967.15,25964.75,25964.8,0,0
2025-11-18 12:14:00+05:30,25965.1,25965.65,25962.45,25962.5,0,0
2025-11-18 12:15:00+05:30,25962.5,25964.25,25959.7,25959.7,0,0
2025-11-18 12:16:00+05:30,25959.3,25959.95,25953.0,25954.4,0,0
2025-11-18 12:17:00+05:30,25954.7,25959.05,25954.4,25956.75,0,0
2025-11-18 12:18:00+05:30,25956.95,25959.05,25955.9,25958.35,0,0
2025-11-18 12:19:00+05:30,25957.35,25958.95,25953.9,25955.05,0,0
2025-11-18 12:20:00+05:30,25955.1,25955.85,25951.4,25954.35,0,0
2025-11-18 12:21:00+05:30,25954.65,25955.95,25952.85,25953.45,0,0
2025-11-18 12:22:00+05:30,25953.35,25954.8,25944.85,25946.3,0,0
2025-11-18 12:23:00+05:30,25946.05,25951.0,25946.0,25949.7,0,0
2025-11-18 12:24:00+05:30,25949.45,25951.35,25943.65,25944.9,0,0
2025-11-18 12:25:00+05:30,25944.15,25952.75,25943.6,25952.75,0,0
2025-11-18 12:26:00+05:30,25952.45,25956.55,25946.6,25947.65,0,0
2025-11-18 12:27:00+05:30,25947.6,25948.3,25939.85,25942.75,0,0
2025-11-18 12:28:00+05:30,25942.45,25952.9,25942.1,25951.95,0,0
2025-11-18 12:29:00+05:30,25951.85,25954.8,25951.85,25953.0,0,0
2025-11-18 12:30:00+05:30,25953.1,25959.2,25952.55,25956.65,0,0
2025-11-18 12:31:00+05:30,25956.4,25957.45,25948.75,25949.0,0,0
2025-11-18 12:32:00+05:30,25949.5,25953.6,25949.15,25952.95,0,0
2025-11-18 12:33:00+05:30,25952.8,25955.4,25952.1,25953.6,0,0
2025-11-18 12:34:00+05:30,25953.6,25954.95,25946.8,25949.0,0,0
2025-11-18 12:35:00+05:30,25949.0,25951.6,25947.7,25948.05,0,0
2025-11-18 12:36:00+05:30,25947.75,25947.75,25930.8,25934.0,0,0
2025-11-18 12:37:00+05:30,25934.05,25940.85,25934.05,25938.95,0,0
2025-11-18 12:38:00+05:30,25938.75,25944.5,25937.85,25943.15,0,0
2025-11-18 12:39:00+05:30,25942.9,25946.15,25940.1,25940.25,0,0
2025-11-18 12:40:00+05:30,25940.7,25941.95,25936.4,25939.4,0,0
2025-11-18 12:41:00+05:30,25939.75,25942.6,25939.7,25940.9,0,0
2025-11-18 12:42:00+05:30,25941.1,25944.55,25938.3,25943.95,0,0
2025-11-18 12:43:00+05:30,25943.75,25945.15,25941.55,25942.0,0,0
2025-11-18 12:44:00+05:30,25942.05,25942.05,25937.95,25940.95,0,0
2025-11-18 12:45:00+05:30,25940.8,25943.25,25937.9,25941.0,0,0
2025-11-18 12:46:00+05:30,25941.1,25944.9,25938.4,25938.4,0,0
2025-11-18 12:47:00+05:30,25937.8,25944.05,25937.2,25944.05,0,0
2025-11-18 12:48:00+05:30,25943.8,25946.15,25941.2,25941.75,0,0
2025-11-18 12:49:00+05:30,25941.05,25942.6,25931.45,25932.0,0,0
2025-11-18 12:50:00+05:30,25931.8,25935.3,25927.6,25928.0,0,0
2025-11-18 12:51:00+05:30,25928.15,25938.0,25928.15,25935.75,0,0
2025-11-18 12:52:00+05:30,25935.4,25937.95,25935.1,25936.25,0,0
2025-11-18 12:53:00+05:30,25935.95,25939.0,25934.5,25938.7,0,0
2025-11-18 12:54:00+05:30,25938.55,25947.3,25938.55,25947.0,0,0
2025-11-18 12:55:00+05:30,25946.75,25956.2,25946.35,25954.95,0,0
2025-11-18 12:56:00+05:30,25954.2,25955.05,25951.6,25952.4,0,0
2025-11-18 12:57:00+05:30,25952.15,25952.85,25949.55,25950.05,0,0
2025-11-18 12:58:00+05:30,25949.5,25949.5,25942.1,25942.1,0,0
2025-11-18 12:59:00+05:30,25943.1,25946.0,25942.5,25943.4,0,0
2025-11-18 13:00:00+05:30,25943.55,25952.55,25943.55,25950.4,0,0
2025-11-18 13:01:00+05:30,25950.15,25950.5,25947.0,25947.0,0,0
2025-11-18 13:02:00+05:30,25948.3,25956.1,25948.1,25954.3,0,0
2025-11-18 13:03:00+05:30,25954.6,25961.9,25953.6,25961.05,0,0
2025-11-18 13:04:00+05:30,25961.15,25962.25,25959.35,25960.15,0,0
2025-11-18 13:05:00+05:30,25960.25,25963.3,25958.9,25960.95,0,0
2025-11-18 13:06:00+05:30,25961.3,25963.65,25959.85,25961.0,0,0
2025-11-18 13:07:00+05:30,25960.95,25961.65,25958.2,25958.3,0,0
2025-11-18 13:08:00+05:30,25958.3,25958.7,25956.25,25956.75,0,0
2025-11-18 13:09:00+05:30,25956.75,25962.45,25956.1,25961.25,0,0
2025-11-18 13:10:00+05:30,25961.25,25963.9,25961.05,25962.9,0,0
2025-11-18 13:11:00+05:30,25963.0,25965.2,25961.95,25962.8,0,0
2025-11-18 13:12:00+05:30,25962.8,25963.3,25959.3,25959.4,0,0
2025-11-18 13:13:00+05:30,25959.55,25960.3,25953.9,25958.0,0,0
2025-11-18 13:14:00+05:30,25957.65,25958.05,25953.2,25953.5,0,0
2025-11-18 13:15:00+05:30,25952.95,25968.55,25952.95,25967.75,0,0
2025-11-18 13:16:00+05:30,25967.5,25972.2,25966.7,25967.65,0,0
2025-11-18 13:17:00+05:30,25967.6,25971.8,25967.6,25970.7,0,0
2025-11-18 13:18:00+05:30,25970.75,25973.1,25965.9,25966.15,0,0
2025-11-18 13:19:00+05:30,25966.0,25970.85,25965.65,25967.35,0,0
2025-11-18 13:20:00+05:30,25967.25,25971.8,25967.1,25970.45,0,0
2025-11-18 13:21:00+05:30,25970.35,25975.8,25970.35,25974.05,0,0
2025-11-18 13:22:00+05:30,25974.0,25974.1,25969.4,25971.45,0,0
2025-11-18 13:23:00+05:30,25971.85,25976.7,25971.35,25974.6,0,0
2025-11-18 13:24:00+05:30,25974.55,25974.85,25970.95,25971.8,0,0
2025-11-18 13:25:00+05:30,25971.55,25972.65,25968.5,25971.45,0,0
2025-11-18 13:26:00+05:30,25971.2,25973.0,25967.25,25967.9,0,0
2025-11-18 13:27:00+05:30,25967.75,25970.9,25967.1,25967.1,0,0
2025-11-18 13:28:00+05:30,25967.6,25973.5,25966.9,25971.95,0,0
2025-11-18 13:29:00+05:30,25971.75,25974.0,25969.4,25969.6,0,0
2025-11-18 13:30:00+05:30,25969.65,25974.5,25969.2,25971.65,0,0
2025-11-18 13:31:00+05:30,25971.6,25974.65,25971.1,25973.75,0,0
2025-11-18 13:32:00+05:30,25973.6,25977.5,25973.25,25975.65,0,0
2025-11-18 13:33:00+05:30,25975.1,25975.1,25971.05,25971.55,0,0
2025-11-18 13:34:00+05:30,25970.7,25975.7,25970.4,25974.65,0,0
2025-11-18 13:35:00+05:30,25975.35,25978.7,25975.0,25977.55,0,0
2025-11-18 13:36:00+05:30,25977.6,25983.15,25977.1,25982.5,0,0
2025-11-18 13:37:00+05:30,25982.3,25982.85,25980.15,25981.15,0,0
2025-11-18 13:38:00+05:30,25981.5,25984.85,25980.75,25984.05,0,0
2025-11-18 13:39:00+05:30,25984.7,25987.8,25984.7,25985.85,0,0
2025-11-18 13:40:00+05:30,25986.05,25986.9,25966.85,25967.45,0,0
2025-11-18 13:41:00+05:30,25967.4,25970.8,25967.15,25967.75,0,0
2025-11-18 13:42:00+05:30,25967.5,25969.8,25957.65,25968.3,0,0
2025-11-18 13:43:00+05:30,25966.55,25978.2,25965.05,25978.2,0,0
2025-11-18 13:44:00+05:30,25978.05,25982.55,25977.3,25978.4,0,0
2025-11-18 13:45:00+05:30,25978.5,25983.9,25975.45,25975.45,0,0
2025-11-18 13:46:00+05:30,25976.15,25976.3,25964.7,25968.15,0,0
2025-11-18 13:47:00+05:30,25968.15,25974.55,25967.45,25973.9,0,0
2025-11-18 13:48:00+05:30,25973.7,25974.4,25971.5,25972.05,0,0
2025-11-18 13:49:00+05:30,25972.0,25975.3,25970.85,25974.35,0,0
2025-11-18 13:50:00+05:30,25973.85,25979.55,25973.85,25978.4,0,0
2025-11-18 13:51:00+05:30,25978.6,25979.55,25974.65,25976.95,0,0
2025-11-18 13:52:00+05:30,25977.1,25977.2,25974.6,25976.3,0,0
2025-11-18 13:53:00+05:30,25976.4,25976.65,25974.15,25974.15,0,0
2025-11-18 13:54:00+05:30,25974.3,25975.4,25972.95,25972.95,0,0
2025-11-18 13:55:00+05:30,25972.95,25973.8,25970.55,25971.4,0,0
2025-11-18 13:56:00+05:30,25971.55,25972.15,25967.75,25968.35,0,0
2025-11-18 13:57:00+05:30,25969.55,25973.1,25968.4,25972.9,0,0
2025-11-18 13:58:00+05:30,25972.5,25973.25,25968.75,25970.25,0,0
2025-11-18 13:59:00+05:30,25970.2,25971.9,25969.3,25970.55,0,0
2025-11-18 14:00:00+05:30,25970.95,25973.2,25969.95,25970.05,0,0
2025-11-18 14:01:00+05:30,25970.65,25975.4,25970.15,25974.1,0,0
2025-11-18 14:02:00+05:30,25974.25,25977.35,25973.9,25974.3,0,0
2025-11-18 14:03:00+05:30,25974.25,25978.7,25974.25,25978.6,0,0
2025-11-18 14:04:00+05:30,25977.75,25985.65,25976.8,25985.6,0,0
2025-11-18 14:05:00+05:30,25985.5,25996.55,25985.4,25994.75,0,0
2025-11-18 14:06:00+05:30,25994.6,25997.15,25993.45,25994.05,0,0
2025-11-18 14:07:00+05:30,25994.0,25994.0,25978.1,25978.4,0,0
2025-11-18 14:08:00+05:30,25978.35,25979.9,25971.7,25974.35,0,0
2025-11-18 14:09:00+05:30,25974.4,25978.85,25974.3,25974.75,0,0
2025-11-18 14:10:00+05:30,25976.05,25980.7,25974.25,25975.1,0,0
2025-11-18 14:11:00+05:30,25975.05,25983.95,25971.6,25983.5,0,0
2025-11-18 14:12:00+05:30,25982.85,25987.1,25981.8,25987.1,0,0
2025-11-18 14:13:00+05:30,25986.95,25990.85,25984.35,25984.75,0,0
2025-11-18 14:14:00+05:30,25985.2,25989.55,25985.2,25988.7,0,0
2025-11-18 14:15:00+05:30,25988.45,25994.95,25987.0,25992.65,0,0
2025-11-18 14:16:00+05:30,25992.65,25993.15,25982.75,25983.95,0,0
2025-11-18 14:17:00+05:30,25983.9,25984.95,25981.1,25982.05,0,0
2025-11-18 14:18:00+05:30,25982.1,25982.3,25979.0,25980.25,0,0
2025-11-18 14:19:00+05:30,25980.1,25980.2,25973.35,25974.3,0,0
2025-11-18 14:20:00+05:30,25974.75,25977.2,25974.2,25976.1,0,0
2025-11-18 14:21:00+05:30,25976.2,25976.2,25969.5,25971.0,0,0
2025-11-18 14:22:00+05:30,25970.7,25975.6,25969.9,25975.45,0,0
2025-11-18 14:23:00+05:30,25975.3,25987.55,25974.6,25987.55,0,0
2025-11-18 14:24:00+05:30,25987.55,25987.55,25977.05,25979.85,0,0
2025-11-18 14:25:00+05:30,25979.9,25984.4,25977.15,25984.4,0,0
2025-11-18 14:26:00+05:30,25983.45,25990.7,25976.7,25976.95,0,0
2025-11-18 14:27:00+05:30,25976.9,25981.5,25971.55,25974.3,0,0
2025-11-18 14:28:00+05:30,25974.55,25975.2,25969.7,25970.1,0,0
2025-11-18 14:29:00+05:30,25970.2,25970.3,25964.5,25966.5,0,0
2025-11-18 14:30:00+05:30,25966.25,25973.7,25965.55,25967.85,0,0
2025-11-18 14:31:00+05:30,25968.4,25971.1,25967.0,25968.15,0,0
2025-11-18 14:32:00+05:30,25963.85,25965.1,25952.6,25954.15,0,0
2025-11-18 14:33:00+05:30,25954.2,25955.5,25953.3,25954.45,0,0
2025-11-18 14:34:00+05:30,25954.95,25963.05,25953.75,25962.8,0,0
2025-11-18 14:35:00+05:30,25962.8,25963.3,25957.3,25959.4,0,0
2025-11-18 14:36:00+05:30,25959.65,25963.55,25959.65,25960.7,0,0
2025-11-18 14:37:00+05:30,25960.65,25963.4,25958.6,25959.95,0,0
2025-11-18 14:38:00+05:30,25960.0,25967.05,25958.5,25967.0,0,0
2025-11-18 14:39:00+05:30,25967.35,25971.7,25963.65,25971.2,0,0
2025-11-18 14:40:00+05:30,25970.55,25971.95,25967.55,25970.9,0,0
2025-11-18 14:41:00+05:30,25970.8,25970.9,25962.6,25966.4,0,0
2025-11-18 14:42:00+05:30,25966.95,25970.0,25961.0,25961.0,0,0
2025-11-18 14:43:00+05:30,25960.55,25962.75,25953.95,25956.9,0,0
2025-11-18 14:44:00+05:30,25957.1,25958.55,25955.0,25955.05,0,0
2025-11-18 14:45:00+05:30,25955.25,25960.05,25955.1,25956.8,0,0
2025-11-18 14:46:00+05:30,25956.9,25957.05,25950.1,25950.2,0,0
2025-11-18 14:47:00+05:30,25949.7,25953.35,25949.2,25951.6,0,0
2025-11-18 14:48:00+05:30,25950.55,25953.1,25948.9,25950.85,0,0
2025-11-18 14:49:00+05:30,25950.5,25952.75,25946.9,25949.55,0,0
2025-11-18 14:50:00+05:30,25950.4,25952.35,25949.05,25951.35,0,0
2025-11-18 14:51:00+05:30,25950.6,25953.75,25950.1,25953.25,0,0
2025-11-18 14:52:00+05:30,25953.4,25953.4,25940.15,25942.85,0,0
2025-11-18 14:53:00+05:30,25942.7,25944.5,25937.85,25940.15,0,0
2025-11-18 14:54:00+05:30,25940.55,25943.35,25938.6,25939.95,0,0
2025-11-18 14:55:00+05:30,25939.2,25942.15,25937.2,25939.0,0,0
2025-11-18 14:56:00+05:30,25939.15,25946.95,25938.5,25945.7,0,0
2025-11-18 14:57:00+05:30,25945.1,25947.05,25938.15,25940.2,0,0
2025-11-18 14:58:00+05:30,25940.45,25945.65,25938.85,25944.05,0,0
2025-11-18 14:59:00+05:30,25943.6,25945.55,25941.3,25942.4,0,0
2025-11-18 15:00:00+05:30,25942.45,25946.6,25932.1,25932.25,0,0
2025-11-18 15:01:00+05:30,25931.25,25931.85,25919.6,25920.6,0,0
2025-11-18 15:02:00+05:30,25918.85,25923.65,25918.85,25923.55,0,0
2025-11-18 15:03:00+05:30,25923.1,25930.1,25920.5,25925.9,0,0
2025-11-18 15:04:00+05:30,25924.1,25932.4,25921.1,25923.2,0,0
2025-11-18 15:05:00+05:30,25923.15,25930.35,25922.55,25925.5,0,0
2025-11-18 15:06:00+05:30,25924.6,25925.75,25919.85,25920.05,0,0
2025-11-18 15:07:00+05:30,25919.6,25930.1,25916.6,25921.2,0,0
2025-11-18 15:08:00+05:30,25915.3,25925.25,25915.3,25917.25,0,0
2025-11-18 15:09:00+05:30,25917.05,25917.9,25901.45,25905.4,0,0
2025-11-18 15:10:00+05:30,25906.5,25917.95,25904.85,25917.95,0,0
2025-11-18 15:11:00+05:30,25916.05,25929.5,25914.2,25925.15,0,0
2025-11-18 15:12:00+05:30,25924.75,25925.8,25913.7,25913.7,0,0
2025-11-18 15:13:00+05:30,25913.25,25914.1,25904.25,25904.6,0,0
2025-11-18 15:14:00+05:30,25903.85,25906.05,25897.35,25897.75,0,0
2025-11-18 15:15:00+05:30,25896.95,25900.6,25891.05,25899.8,0,0
2025-11-18 15:16:00+05:30,25899.05,25908.95,25898.75,25907.95,0,0
2025-11-18 15:17:00+05:30,25905.6,25909.05,25903.3,25904.45,0,0
2025-11-18 15:18:00+05:30,25904.55,25905.8,25896.35,25898.65,0,0
2025-11-18 15:19:00+05:30,25897.85,25899.5,25893.8,25895.2,0,0
2025-11-18 15:20:00+05:30,25893.9,25899.05,25893.9,25897.7,0,0
2025-11-18 15:21:00+05:30,25896.5,25900.45,25889.0,25889.95,0,0
2025-11-18 15:22:00+05:30,25889.3,25891.55,25876.5,25878.85,0,0
2025-11-18 15:23:00+05:30,25879.7,25894.2,25878.15,25893.2,0,0
2025-11-18 15:24:00+05:30,25892.25,25899.75,25890.75,25898.85,0,0
2025-11-18 15:25:00+05:30,25898.15,25902.15,25893.7,25894.05,0,0
2025-11-18 15:26:00+05:30,25894.95,25895.55,25880.5,25884.65,0,0
2025-11-18 15:27:00+05:30,25884.6,25893.95,25884.6,25891.8,0,0
2025-11-18 15:28:00+05:30,25891.15,25895.45,25882.65,25894.35,0,0
2025-11-18 15:29:00+05:30,25894.15,25901.1,25885.5,25894.7,0,0
2025-11-19 14:39:00+05:30,26042.85,26047.45,26042.85,26047.45,0,0
2025-11-19 14:40:00+05:30,26049.4,26054.55,26049.4,26054.55,0,0
2025-11-19 14:41:00+05:30,26058.8,26065.9,26058.8,26065.9,0,0
2025-11-19 14:42:00+05:30,26068.9,26070.75,26068.9,26070.75,0,0
2025-11-19 14:43:00+05:30,26071.6,26072.25,26071.6,26072.25,0,0
2025-11-19 14:44:00+05:30,26073.55,26073.55,26063.2,26063.2,0,0
2025-11-19 14:45:00+05:30,26062.55,26062.55,26061.75,26061.75,0,0
2025-11-19 14:46:00+05:30,26059.35,26059.35,26059.05,26059.05,0,0
2025-11-19 14:47:00+05:30,26059.1,26062.05,26059.1,26062.05,0,0
2025-11-19 14:48:00+05:30,26061.8,26061.8,26061.6,26061.6,0,0
2025-11-19 14:49:00+05:30,26059.95,26059.95,26059.95,26059.95,0,0
2025-11-19 14:50:00+05:30,26059.35,26062.1,26059.35,26062.1,0,0
2025-11-19 14:51:00+05:30,26063.75,26063.75,26063.05,26063.05,0,0
2025-11-19 14:52:00+05:30,26065.4,26065.4,26064.9,26064.9,0,0
2025-11-19 14:53:00+05:30,26065.05,26065.05,26063.55,26063.55,0,0
2025-11-19 14:54:00+05:30,26062.95,26062.95,26062.45,26062.45,0,0
2025-11-19 14:55:00+05:30,26061.6,26062.25,26061.6,26062.25,0,0
2025-11-19 14:56:00+05:30,26063.35,26063.35,26063.05,26063.05,0,0
2025-11-19 14:57:00+05:30,26063.4,26063.4,26061.2,26061.2,0,0
2025-11-19 14:58:00+05:30,26059.45,26059.45,26058.95,26058.95,0,0
2025-11-19 14:59:00+05:30,26052.55,26055.95,26052.55,26055.95,0,0
2025-11-19 15:00:00+05:30,26055.15,26059.05,26055.15,26059.05,0,0
2025-11-19 15:01:00+05:30,26062.8,26062.8,26062.45,26062.45,0,0
2025-11-19 15:02:00+05:30,26059.2,26059.2,26057.45,26057.45,0,0
2025-11-19 15:03:00+05:30,26056.75,26057.5,26056.75,26057.5,0,0
2025-11-19 15:04:00+05:30,26056.15,26056.75,26056.15,26056.75,0,0
2025-11-19 15:05:00+05:30,26049.3,26049.3,26049.05,26049.05,0,0
2025-11-19 15:06:00+05:30,26049.2,26053.85,26049.2,26053.85,0,0
2025-11-19 15:07:00+05:30,26052.8,26053.95,26052.8,26053.95,0,0
2025-11-19 15:08:00+05:30,26052.05,26052.7,26052.05,26052.7,0,0
2025-11-19 15:09:00+05:30,26053.1,26053.1,26052.2,26052.2,0,0
2025-11-19 15:10:00+05:30,26052.5,26052.5,26051.35,26051.35,0,0
2025-11-19 15:11:00+05:30,26051.7,26053.05,26051.7,26053.05,0,0
2025-11-19 15:12:00+05:30,26055.25,26056.2,26055.25,26056.2,0,0
2025-11-19 15:13:00+05:30,26057.3,26059.65,26057.3,26059.65,0,0
2025-11-19 15:14:00+05:30,26060.65,26060.65,26060.05,26060.05,0,0
2025-11-19 15:15:00+05:30,26057.55,26057.55,26055.45,26055.45,0,0
2025-11-19 15:16:00+05:30,26056.6,26056.6,26054.5,26054.5,0,0
2025-11-19 15:17:00+05:30,26054.5,26054.8,26054.5,26054.8,0,0
2025-11-19 15:18:00+05:30,26053.85,26053.85,26053.45,26053.45,0,0
2025-11-19 15:19:00+05:30,26052.15,26052.75,26052.15,26052.75,0,0
